level_0,Abbreviated Well ID,Deviated Hole (T/F),Horizontal Hole (T/F),MD (All Wells) (m),Surface Abandonment Type,Surf-Hole Easting (NAD83),Surf-Hole Northing (NAD83),Surface-Casing Depth (m),Surface-Casing Size (mm),Surface-Casing Weight (kg/m),Production-Casing Depth (m),Production-Casing Size (mm),Production-Casing Weight (kg/m),BH Temp. (degC),Well Status Abrv,Prod./Inject. Frmtn,Production-Casing Grade,Surface-Casing Grade,Cumulative GAS Prod. (e3m3),Cumulative OIL Prod. (m3),Cumulative WTR Prod. (m3),Current Licence Status,Class,No_well,Month Well Spudded,Total Production Month,Surface Abandonment Date
23916,00/04-24-064-14W6/0,F,F,3479,,0,650821.2,624,244.5,53.6,3479,139.7,25.3,100,PG,Jnikanssn,P110,J055,52020,0,1634,Amended,Non Serious,1,169,126,
23270,00/13-34-063-13W6/0,T,F,3072,,5464.7,643914.8,541,219.1,35.7,3072,139.7,25.3,,CSD,,P110,K055,,,,Suspension,Non Serious,2,206,,
25119,00/01-25-069-14W6/0,T,F,2470,,6403.7,700551.8,617,244.5,59.5,2470,114.3,17.3,,PG,Kfalher,n080,j055,7376,0,120,Amended,Non Serious,2,171,129,
24764,00/10-08-067-13W6/0,F,F,2910,,6505.9,676933.2,436,244.5,53.6,2910,139.7,25.3,87,PG,Kfalher,L080,K055,40305,1,1133,Issued,Serious,1,408,262,
23915,00/03-11-064-13W6/0,T,F,3632,,6915.4,646502.9,629,244.5,53.6,3627,139.7,25.3,88,FG,Kcadotte,P110,J055,100675,0,1961,Amended,Non Serious,3,156,110,
25118,00/06-30-069-13W6/0,F,F,2826,,7277.1,700989.7,73,508,,2174,244.5,,71,AZN,,,,,,,Suspension,Considered Non Serious,2,528,,
24921,00/15-04-068-13W6/0,F,F,3005,Plate,9089.4,684958.3,430,219.1,41.7,3005,139.7,25.3,85,D&A,,L080,J055,,,,Abandoned,Non Serious,2,240,,97
25562,00/16-18-072-13W6/0,T,F,2445,,10011.5,727597.7,418,219.1,35.7,2445,114.3,17.3,77,PG,Knotikwn,N080,J055,70522,0,1744,Issued,Non Serious,2,217,175,
23269,00/05-31-063-12W6/0,T,F,3710,,10015.4,643132.7,603,244.5,53.6,3710,139.7,29.8,91,PG,Kcadotte,P110,J055,57234,0,2384,Amended,Non Serious,3,149,104,
25393,00/02-08-071-13W6/0,F,F,2189,Plate,10343.7,715001.9,390.2,244.5,53.6,2189,139.7,25.3,58,D&A,,K055,K055,,,,Abandoned,Serious,3,427,,155
22607,00/06-19-062-12W6/2,T,F,3142,,10348.4,630000.3,467.5,244.5,17.3,3142,114.3,17.3,90,AZN,,P110,P110,,,,Suspension,Non Serious,1,174,,
25564,00/01-31-072-13W6/0,F,F,2333,,10888.5,731312.2,404,219.1,35.7,2333,139.7,25.3,76,PG,Knotikwn,N080,J055,29894,0,421,Issued,Non Serious,4,231,172,
24346,00/10-01-065-13W6/0,T,F,3667,,10915,654503.5,623,339.7,101.2,2666,177.8,38.7,103,FG,Jnikanssn,P110,K055,318406,0,5008,Amended,Considered Non Serious,1,195,152,
21893,00/11-05-061-12W6/2,F,T,3485,,11061.1,614717.9,684.2,244.5,59.5,,,,,CSD,,,K055,,,,Suspension,Considered Non Serious,1,182,,
25733,00/10-19-073-13W6/0,F,F,2233,Other,11683.6,738286.6,279,244.5,53.6,1114,139.7,20.8,64,D&A,,J055,J055,,,,RecCertified,Non Serious,3,428,,266
25116,00/01-03-069-13W6/0,F,T,3260.2,,12307,694018.6,603,219.1,35.7,3258,139.7,25.3,,PG,Kcadotte,P110,L080,42017,0,898,Issued,Serious,2,171,126,
25730,00/10-08-073-13W6/0,F,F,3271,,12635.4,735123.4,494,219.1,35.7,3269.5,139.7,25.3,,PTG,TRdoig,L080,J055,41,0,313,Suspension,Non Serious,4,135,2,
25398,00/01-28-071-13W6/0,F,F,2437,,12685.9,719625.7,486,219.1,41.7,2437,139.7,25.3,81,PG,Kcadomin,N080,J055,28274,0,864,Issued,Serious,6,243,200,
24922,00/07-14-068-13W6/0,F,F,2958,,12690.8,687013.7,359,339.7,,2958,139.7,,81,PG,Kcadomin,,,403508,0,6747,Issued,Non Serious,4,517,469,
25269,00/06-03-070-13W6/0,F,F,2225,,12734.1,703313.5,265.5,219.1,35.7,2225,139.7,25.3,51,PG,Kfalher,N080,J055,257508,0,2266,Issued,Non Serious,4,366,321,
24603,02/06-25-066-13W6/0,F,F,2715,,12769.4,670784.7,310,244.5,53.6,2711,139.7,25.3,78,PG,Kcadotte,L080,J055,130544,0,3888,Suspension,Serious,2,314,257,
25394,00/14-10-071-13W6/0,F,F,2339,,13137.7,715532.6,401,219.1,41.7,2285,139.7,25.3,72,PG,Kgething,L080,J055,57748,0,253,Issued,Non Serious,6,268,225,
25395,02/14-10-071-13W6/0,F,F,2468,,13197.2,715523.8,550,219.1,41.7,2468,114.3,17.3,80,PG,Kcadomin,N080,J055,31570,0,738,Issued,Non Serious,6,219,176,
25272,00/11-22-070-13W6/0,F,F,2562.5,,13232.2,708847.6,281.6,244.5,,2562.5,114.3,,72,AG,Kfalher,,,154020,0,692,Suspension,Serious,5,544,279,
26072,00/13-05-075-13W6/0,F,F,2875,,13256.9,753373.4,378,219.1,35.7,2875,114.3,22.5,97,CSD,,L080,J055,,,,Suspension,Non Serious,7,153,,
25270,00/10-10-070-13W6/0,F,F,2176,,13444.2,705274.7,267,219.1,35.7,2176,139.7,25.3,70,PG,Kfalher,N080,K055,433017,0,5358,Issued,Non Serious,7,363,321,
25731,02/03-09-073-13W6/0,T,F,1828,,13954.1,734201.2,197,244.5,53.6,1828,139.7,25.3,56,PO,Kpaddy,J055,J055,12877,9444,179,Issued,Non Serious,4,258,216,
25821,00/03-29-074-13W6/2,T,F,3015,Plate,14120.9,748513.2,459,219.1,35.7,,,,25,D&A,,,J055,,,,Abandoned,Non Serious,5,161,,59
24923,00/01-36-068-13W6/0,F,T,3966,,14171.9,692516.8,619,244.5,53.6,,,,83,PG,Kcadomin,,J055,60596,0,1770,Issued,Non Serious,2,144,97,
26077,00/02-16-075-13W6/0,F,T,5034,,14224.8,757213.3,505,244.5,53.6,5034,114.3,22.5,,SG,TRdoig_L,L080,J055,13808,0,2034,Suspension,Non Serious,6,137,33,
26079,00/06-20-075-13W6/2,F,F,3065,Plate,14241.2,757221.3,430.1,339.7,,3064.7,139.7,,,D&A,,,,,,,Abandoned,Serious,6,341,,184
25273,00/11-23-070-13W6/0,T,F,2883,,14318.1,708335.5,587,219.1,35.7,2883,139.7,29.8,89,PG,Jnikanssn,p110,j055,67942,0,2016,Issued,Non Serious,8,185,142,
25392,00/12-02-071-13W6/0,F,F,2750,,14337.2,713722.6,411,244.5,,2748,139.7,,93,PTG,Jnikanssn,,,1600,0,8,Issued,Serious,6,496,0,
25818,00/10-20-074-13W6/0,F,F,2662,Plate,14364.8,747998.2,453,219.1,35.7,2662,139.7,25.3,,AZN,,J055,J055,,,,Abandoned,Non Serious,5,212,,59
25117,00/15-26-069-13W6/0,F,F,2344,,14498.3,700608.7,381,219.1,35.7,2342,139.7,25.3,78,PG,Kfalher,N080,J055,94654,0,2016,Issued,Serious,4,376,272,
25396,00/11-11-071-13W6/0,F,F,2475,,14594,715170.8,369,244.5,,2471,139.7,,61,PG,Kcadotte,,,174044,0,2025,Issued,Serious,5,510,427,
26071,00/08-04-075-13W6/0,F,T,4415,,14646.3,753546.3,427,219.1,35.7,4414,114.3,22.5,,AZN,,L080,J055,,,,Suspension,Non Serious,7,146,,
24914,00/11-07-068-12W6/0,F,F,3179,,15101,685650.6,449,244.5,,3179,139.7,,92,PTG,Kcadomin,,,990,0,14,Issued,Serious,4,509,1,
26078,00/12-16-075-13W6/0,F,F,2490,,15149.2,756017.1,387,219.1,35.7,2490,139.7,25.3,78,SG,TRhalfway,L080,J055,17033,0,576,Suspension,Non Serious,6,219,116,
25271,00/07-14-070-13W6/0,F,F,2226,,15159.3,706277.2,380,244.5,64.7,2223.7,139.7,23.1,48,SG,Kfalher,K055,SOO095,342513,0,2790,Suspension,Non Serious,12,435,236,
25816,00/07-04-074-13W6/0,T,F,1183,,15275.6,742824,211,219.1,35.7,1182,114.3,14.1,37,SO,Kdoe_ck,J055,J055,339,124,0,Suspension,Non Serious,4,357,19,
24598,00/12-08-066-12W6/0,F,F,3600,,15314.8,666054.4,619,244.5,59.5,3600,139.7,25.3,95,PG,Knotikwn,P110,L080,47670,0,5456,Issued,Non Serious,2,203,155,
23914,00/09-09-064-12W6/0,F,F,1730,Plate,15560.3,646103.6,274,219.1,35.7,1730,139.7,25.3,37,AO,Kcard_ss,N080,J055,493,4987,189,Abandoned,Non Serious,1,279,19,119
26081,00/15-31-075-13W6/0,F,T,5483,,15667.4,759648.5,606,219.1,35.7,5471,114.3,22.5,,FG,TRmontney,T095,J055,148553,0,0,Issued,Serious,5,114,68,
25399,00/02-35-071-13W6/0,F,F,2375,Plate,16066.2,720815.2,482,219.1,41.7,2375,139.7,25.3,73,D&A,,N080,J055,,,,Abandoned,Non Serious,5,234,,102
24345,00/03-21-065-12W6/0,F,F,3055,Plate,16173.3,658434.4,608,244.5,53.6,3055,139.7,25.3,79,AGZ,Kdunvegan,P110,J055,49,0,0,Abandoned,Serious,2,241,0,169
24915,00/11-08-068-12W6/0,F,F,2830,,16776.6,685263.7,368,219.1,41.7,2830,139.7,25.3,80,SG,Kfalher,N080,J055,19925,0,602,Suspension,Non Serious,4,236,178,
25274,00/01-24-070-13W6/0,T,F,2685,,16799.1,707983.5,605,219.1,41.7,2684,139.7,29.8,,PG,Kcadomin,p110,ps080,15493,0,560,Issued,Non Serious,12,172,129,
25820,00/04-27-074-13W6/0,T,F,1935,Plate,16866.7,748401.8,350,219.1,41.6,1935,139.7,23.1,64,D&A,,J055,IJ055,,,,RecCertified,Serious,7,234,,221
25563,00/10-23-072-13W6/0,F,F,2133.6,,16908.3,728029.5,467,244.5,,2133.6,139.7,,66,CMM,Kdunvegan,,,27818,0,125,Issued,Non Serious,2,546,167,
26215,02/10-09-076-13W6/0,F,F,1913,,16959.5,763811.3,284,219.1,35.7,1913,139.7,25.3,64,AZN,,L080,J055,,,,Abandoned,Serious,5,223,,
25397,00/15-12-071-13W6/0,F,F,2475,,16983,715067.6,307,244.5,64.7,2475,114.3,17.3,,PG,Kcadomin,K055,L080,25034,0,304,Issued,Considered Non Serious,10,444,398,
26070,00/09-03-075-13W6/0,F,F,2820,,17531.2,752521.2,508,219.1,35.7,2820,114.3,22.5,,CSD,,L080,J055,,,,Suspension,Non Serious,15,149,,
25817,02/02-10-074-13W6/0,F,T,1570,,17597.9,742685.2,255,244.5,48.1,1101,177.8,34.2,,WI,Kdoe_ck,H040,H040,4060,6451,2,Issued,Non Serious,8,272,19,
25260,00/11-07-070-12W6/0,F,F,2552,,17864.5,704940,246.8,339.7,,2041,244.5,,83,FG,Kfalher,,,165084,0,2784,Issued,Non Serious,15,513,459,
24761,00/15-09-067-12W6/0,F,F,2716,,17922.1,675601.3,433,219.1,35.7,2716,139.7,25.3,75,SG,Knotikwn,J055,J055,489764,0,12344,Suspension,Serious,3,348,215,
26073,00/01-10-075-13W6/0,F,F,3038,,17924.8,753299.4,502,244.5,53.6,3038,177.8,38.7,92,AZN,,L080,J055,,,,Suspension,Non Serious,15,159,,
26217,00/04-15-076-13W6/0,F,F,980,,17962.2,764715.4,133,219.1,35.7,980,114.3,14.1,,SG,Kdunvegan,J055,J055,833,6,15,Suspension,Non Serious,6,207,65,
25815,02/06-02-074-13W6/0,F,F,977,,18064,742300.8,205.5,177.8,25.3,977,114.3,14.1,37,AOZ,Kdoe_ck,J055,K055,1103,3411,0,Suspension,Serious,7,426,51,
25264,00/10-19-070-12W6/0,F,F,2700,,18421.7,708218.3,398,244.5,,2700,139.7,,80,FG,Kfalher,,,708062,0,4930,Issued,Serious,12,503,457,
25112,00/06-32-069-12W6/0,F,T,3404,,18597.6,701770.4,618,244.5,53.6,,,,90,PG,Kcadomin,,J055,40240,0,852,Issued,Non Serious,14,161,118,
24912,00/10-04-068-12W6/0,F,F,3171,,18835.5,683579.3,444,339.7,,,,,52,AZN,,,,,,,Issued,Non Serious,6,527,,
25732,00/13-13-073-13W6/0,F,F,1625,,18840.6,736144.6,288,244.5,53.6,1625,177.8,34.2,54,SG,Kpaddy,J055,K055,106467,0,735,Suspension,Non Serious,7,448,322,
24913,02/10-04-068-12W6/0,F,F,870,,18859.7,683575.1,210.5,219.1,35.7,867.5,114.3,14.1,39,SG,Kbsbrv_ss,J055,J055,16597,0,0,Suspension,Non Serious,6,319,43,
24599,00/11-10-066-12W6/0,F,F,3649,,18951.5,665319.2,612,244.5,59.6,3649,139.7,29.7,97,PG,Kcadomin,P110,J055,20474,0,650,Issued,Non Serious,5,194,152,
26898,00/09-29-079-13W6/0,F,F,1935,,19006.5,798289.9,394,219.1,35.7,1935,139.7,23.1,17,PG,TRdoig,K055,J055,12866,0,532,Issued,Non Serious,6,196,154,
25729,00/10-01-073-13W6/0,F,F,2121.4,,19156.5,732655.4,466.6,244.5,,2121.4,139.7,,63,AZN,,,,,,,Suspension,Non Serious,6,544,,
25263,00/05-17-070-12W6/0,F,F,2150,,19251.2,706090.4,303,219.1,35.7,2150,139.7,25.3,57,PG,Kfalher,L080,J055,265586,0,2319,Issued,Serious,15,410,358,
26489,00/03-14-077-13W6/0,F,T,5055,,19386.5,775932.8,609,219.1,,2625,114.3,22.5,,PG,TRmontney,L080,J055,41245,0,219,Issued,Non Serious,4,131,85,
25113,00/07-32-069-12W6/0,F,F,3496.7,,19440.1,701138.9,342,244.5,,3490,139.7,,91,PG,Kfalher,,,39233,0,456,Issued,Considered Non Serious,11,531,480,
25822,00/02-35-074-13W6/0,F,F,2555,,19463.5,749767.8,410,219.1,35.7,2555,139.7,25.3,25,PTG,TRhalfway,L080,J055,128,0,0,Suspension,Non Serious,12,224,0,
26758,00/15-30-078-13W6/0,F,T,4982,,19562.5,786964.5,604,219.1,35.7,2691,114.3,22.5,,FG,TRmontney,L080,J055,75418,0,0,Issued,Non Serious,6,101,59,
26080,00/02-23-075-13W6/3,F,F,1940.1,,19592.5,756412.8,300,244.5,,1936,114.3,,,SG,Kdunvegan,,,6523,0,38,Suspension,Non Serious,10,208,104,
26075,00/04-12-075-13W6/0,F,F,2795,,19654.8,752873.4,457,244.5,53.6,2058.5,139.7,25.3,78,CSD,,K055,J055,,,,Suspension,Non Serious,12,299,,
25381,00/07-05-071-12W6/0,F,F,2495,,19663,712567.1,379,244.5,,2492,139.7,,77,PG,Kfalher,,,110764,0,727,Issued,Non Serious,13,503,457,
26074,00/12-11-075-13W6/0,F,T,4412,,19673.2,752682.9,474,219.1,35.7,4412,114.3,22.5,,FG,TRmontney,L080,J055,53526,0,2475,Issued,Non Serious,12,157,111,
25387,00/04-20-071-12W6/0,F,F,2421,,19702.4,717076.7,376,219.1,35.7,2421,139.7,25.3,67,SG,Kcadomin,L080,J055,10067,0,283,Suspension,Non Serious,11,218,135,
26892,02/01-03-079-13W6/0,F,T,4320,,19793.7,791433.2,610,219.1,35.7,4309,114.3,22.5,,FG,TRmontney,T095,J055,49043,0,0,Issued,Non Serious,3,60,17,
25382,00/14-08-071-12W6/0,T,F,2532,Plate,20031.9,714363.7,552,219.1,35.7,2532,114.3,17.3,,AZN,,L080,J055,,,,Abandoned,Non Serious,11,206,,102
27000,00/10-29-080-13W6/0,F,F,1455.4,Plate,20060.7,807979.8,185.9,244.5,,1440.2,139.7,,46,D&A,,,,,,,Abandoned,Serious,5,619,,293
25386,00/07-17-071-12W6/0,F,F,1430,,20075.4,715755.6,145,219.1,41.6,1429,114.1,15.6,42,PG,Kdunvegan,J055,J055,17941,0,195,Issued,Non Serious,9,279,237,
26076,00/13-14-075-13W6/0,F,T,4440,,20215.8,754398.4,450,219.1,35.7,2939,114.3,22.4,,PG,TRdoig_L,L080,J055,50606,0,5044,Issued,Non Serious,11,157,110,
25734,00/08-25-073-13W6/0,F,F,1110,,20365.9,738599.2,155,244.5,53.6,1110,177.8,29.7,35,SG,Kdunvegan,OOJ055,OOJ055,13056,0,110,Suspension,Non Serious,9,266,168,
26491,02/15-21-077-13W6/0,F,T,4065,,20395,776234.5,605,219.1,35.7,2380,114.3,22.5,,PG,TRdoig_L,L080,J055,45213,0,8216,Issued,Non Serious,4,155,110,
26490,00/08-14-077-13W6/0,F,T,5080,,20443.7,776197.7,610,219.1,35.7,2533,114,22.5,95,PG,TRmontney,L080,J055,124616,0,12387,Issued,Non Serious,4,154,110,
26996,00/14-09-080-13W6/0,F,F,1870,,20477.7,803126.2,375.3,219.1,35.7,1870,139.7,23.1,60,SG,TRmontney,K055,J055,2461,0,388,Suspension,Non Serious,6,205,95,
25551,00/11-05-072-12W6/0,F,F,2011.7,Plate,20506.3,722420.3,460.6,219.1,,2011.7,114.3,,64,AG,Kpaddy,,,481,0,6,Abandoned,Non Serious,7,548,0,325
25259,00/11-04-070-12W6/0,F,F,2223,,20548.2,702764.2,301.9,219.1,35.7,2222.9,139.7,25.3,70,PG,Kfalher,N080,J055,15315,0,485,Issued,Serious,14,415,196,
25724,00/04-30-073-12W6/0,F,F,1160,,20587,738115.9,150,219,35.7,,,,45,PO,Kdoe_ck,,J055,3396,15535,129,Suspension,Serious,7,258,206,
25819,00/10-24-074-13W6/0,F,F,2862,,20736.2,746930.2,399,219.1,35.7,2862,139.7,25.3,85,CSD,,IK070,J055,,,,Suspension,Considered Non Serious,9,312,,
23268,00/12-31-063-11W6/2,T,F,3217,,20745.4,642398.2,,,,3217,139.7,29.8,78,AZN,,L080,,,,,Suspension,Considered Non Serious,2,246,,
24762,00/08-11-067-12W6/0,F,T,4080,,20823,675627.6,619,244.5,53.6,4078.5,114.3,19.5,,FG,Jnikanssn,P110,J055,38028,0,1725,Issued,Non Serious,5,145,95,
25552,00/06-08-072-12W6/2,F,F,1974,,20965.1,723859.7,294.5,244.5,,1972,177.8,,67,PG,Kfalher,,,120336,0,899,Issued,Non Serious,9,486,431,
26897,00/08-27-079-13W6/0,F,T,3684,,20966.8,798300.6,435,219.1,35.7,3684,114.3,20.1,66,PG,TRmontney,P110,J055,46476,108,2062,Amended,Non Serious,8,176,133,
25726,02/13-31-073-12W6/0,F,F,2916,,20975.8,740983.1,450,219.1,35.7,2903,139.7,25.3,90,PG,TRmontney,J055,J055,36042,0,613,Issued,Non Serious,8,251,205,
26494,00/12-34-077-13W6/0,F,T,4320,,21031.1,778696.9,617,219.1,35.7,2457,114.3,22.5,,FG,TRmontney,L080,J055,69876,0,0,Issued,Non Serious,6,105,63,
26492,00/08-26-077-13W6/0,F,T,4249,,21039,778703.7,618,219.1,35.7,2445.7,114.3,22.5,,PG,TRmontney,L080,J055,93461,0,0,Issued,Non Serious,6,105,63,
26495,00/13-34-077-13W6/0,F,T,4300,,21046.8,778709.5,,,,2575,114.3,22.5,,FG,TRmontney,L080,,82609,0,0,Issued,Non Serious,6,106,63,
26493,00/09-26-077-13W6/0,F,T,4178,,21054.5,778715.3,619,219.1,35.7,2536,114.3,22.5,,FG,TRmontney,L080,J055,85343,0,0,Amended,Non Serious,6,107,63,
25390,00/16-32-071-12W6/0,T,F,1820,,21076.1,721396.3,300,219.1,35.7,1818,139.7,25.3,,SG,Kpaddy,J055,J055,489,0,2,Suspension,Non Serious,9,199,55,
26214,02/06-01-076-13W6/0,F,F,1322,,21137.3,761442.4,218,219.1,35.7,1322,114.3,14.1,46,AZN,,J055,J055,,,,Suspension,Non Serious,9,224,,
26893,00/06-22-079-13W6/0,F,F,2512,,21193.9,795893.7,458,219.1,35.7,2505,139.7,29.8,,CSD,,L080,J055,,,,Suspension,Non Serious,10,203,,
25262,00/06-16-070-12W6/0,F,F,2466,Plate,21229.5,705503.1,575,219.1,41.7,2466,139.7,25.3,79,D&A,,N080,J055,,,,Abandoned,Considered Non Serious,15,242,,112
24601,00/02-26-066-12W6/0,T,F,2561,Plate,21304.8,669003.2,301,219.1,35.7,2561,139.7,25.3,62,AG,Kcadotte,,J055,7221,0,0,Abandoned,Serious,8,301,53,204
25385,00/11-16-071-12W6/0,F,F,2609.1,,21369.6,716009,276.8,244.5,,2609.1,139.7,,72,AZN,,,,,,,Issued,Non Serious,9,555,,
26216,00/03-12-076-13W6/0,F,F,2660,,21370.2,762487,453.2,219,35.7,2660,139.7,25.3,82,AGZ,PRbelloy,K055,J055,15435,0,679,Suspension,Non Serious,8,229,25,
25265,00/06-21-070-12W6/0,F,F,2135,Plate,21435.5,707142.4,223,244.5,,2135,139.7,,60,AG,Kfalher,,,122775,0,372,RecCertified,Non Serious,13,526,211,142
25725,00/07-30-073-12W6/0,F,F,970,,21439.2,738517.1,132,219.1,35.7,,,,62,AZN,,,J055,,,,Suspension,Non Serious,8,267,,
25388,00/11-21-071-12W6/0,F,F,2110,,21471.3,717374.4,316,244.5,,2110,139.7,,90,AGZ,Kcadotte,,,368,1,236,Suspension,Non Serious,11,510,43,
25106,00/06-22-069-12W6/0,F,F,2676,,21536.4,697604.3,405,244.5,53.6,2675,139.7,25.3,81,PG,Kcadotte,N080,J055,27160,0,377,Issued,Non Serious,12,389,300,
25104,00/13-10-069-12W6/0,F,T,3411,,21575.9,694046,398,244.5,53.6,,,,90,FG,Kcadomin,,J055,42904,0,851,Issued,Serious,10,208,164,
25103,00/13-03-069-12W6/0,F,T,3787,,21624.4,692335.3,623,244.5,53.6,3643,114.3,17.3,82,PG,Kcadomin,P110,J055,32944,0,623,Issued,Non Serious,8,148,105,
26067,00/04-19-075-12W6/0,T,F,2785,,21679.4,755611.3,479,219.1,35.7,2783,139.7,29.8,85,SG,TRmontney,L080,J055,104,0,0,Suspension,Non Serious,8,168,12,
27001,00/06-33-080-13W6/0,T,F,1415,,21755.9,808919.5,297,219.1,35.7,,,,38,SG,Kbluesky,,J055,27352,0,14246,Suspension,Non Serious,4,308,44,
26218,02/05-25-076-13W6/0,T,F,2350,,21756.6,768046.8,421,219.1,35.7,2350,139.7,23.1,16,AZN,,K055,J055,,,,Abandoned,Non Serious,7,192,,
26999,00/10-28-080-13W6/0,F,F,1464,,21805,807753.7,204.5,219.1,,1148.8,114.3,,45,AWD,Kbluesky,,,805,0,49,Suspension,Non Serious,5,536,206,
26065,00/11-06-075-12W6/0,F,F,1890,,21852.9,751716.8,359,219.1,35.7,1890,139.7,23.1,60,AZN,,J055,J055,,,,Suspension,Considered Non Serious,12,287,,
25561,00/07-29-072-12W6/0,F,F,1810,,21869.2,728384.2,217,219.1,,1810,139.7,,58,AGZ,Kfalher,,,6251,6,13,Suspension,Serious,8,531,35,
24918,00/11-23-068-12W6/0,F,F,2683,,21999.9,687831,350,219.1,41.7,2683,114.3,17.3,71,PG,Kfalher,L080,J055,78123,0,1272,Issued,Non Serious,11,221,178,
26066,00/11-18-075-12W6/0,F,F,2003,,22070.4,755210.8,316,219.1,,2003,139.7,,56,SG,Kbluesky,,,8504,0,49,Suspension,Non Serious,9,534,384,
26891,00/10-02-079-13W6/0,T,F,2000,Plate,22307.7,791231,328,219.1,35.7,1997.5,139.7,23.1,65,D&A,,J055,J055,,,,RecCertified,Non Serious,4,296,,293
26896,02/01-26-079-13W6/0,F,T,3839,,22350.8,798078.6,448,219.1,35.7,2276,114.3,22.5,,FG,TRmontney,L080,J055,76086,0,2035,Issued,Non Serious,9,160,118,
26755,02/06-11-078-13W6/0,F,F,1553.9,Plate,22431.1,782627.3,183,219.1,35.7,1550,139.7,20.8,52,AGZ,Kcadomin,J055,J055,5956,0,14,Abandoned,Non Serious,7,296,56,179
25719,00/09-05-073-12W6/0,F,F,2190,,22521.9,731992.6,220,219.1,,2185,139.7,,,FG,Kdunvegan,,,1013556,309,3834,Issued,Non Serious,9,521,475,
25810,00/07-19-074-12W6/0,F,F,1875,,22529.7,746344.6,197.3,219.1,,1479,139.7,,57,AGZ,Kpaddy,,,1396,0,12,Suspension,Non Serious,10,531,108,
25111,00/08-27-069-12W6/0,F,F,2553,Plate,22559.2,698873.8,350,219.1,35.7,2553,139.7,25.3,72,D&A,,N080,J055,,,,Abandoned,Non Serious,15,239,,125
26899,00/12-34-079-13W6/0,F,T,3465,,22583.8,798215,453,219.1,35.7,2176,114.3,22.5,,FG,TRmontney,L080,J055,98640,0,1960,Issued,Non Serious,9,138,96,
24600,00/07-24-066-12W6/0,T,F,946,Plate,22640.9,667911.3,133,219.1,35.7,946,114.3,14.1,30,AGZ,Kbelly_rv,J055,J055,308,0,0,Abandoned,Non Serious,9,227,9,95
25114,00/06-34-069-12W6/2,F,T,3083,,22644.7,700118.3,621,244.5,53.6,,,,,PG,Kcadomin,,J055,25331,0,6483,Amended,Non Serious,13,151,108,
25268,00/08-28-070-12W6/0,T,F,2522,,22645.3,709084.9,623,219.1,35.7,2522,114.3,17.3,82,PG,Kcadomin,n080,j055,6276,0,140,Issued,Non Serious,11,181,139,
25115,00/10-34-069-12W6/0,F,F,2211,Plate,22686.5,701092.6,376,244.5,69.9,2207,139.7,23.1,,AG,Kfalher,K055,N080,124010,0,1283,Abandoned,Non Serious,15,435,230,118
25556,00/11-21-072-12W6/0,F,F,2250,,22776.3,727324.1,273,219.1,,2250,139.7,,73,PG,Kfalher,,,207031,0,1861,Issued,Serious,8,534,479,
26757,00/05-13-078-13W6/0,F,T,3965,,22780.3,785128,615,219.1,35.7,2400,114.3,22.5,,FG,TRmontney,L080,J055,58802,0,0,Amended,Non Serious,7,111,70,
26212,00/12-08-076-12W6/0,F,T,4410,,22820.7,764465.2,611,219.1,35.7,4390,114.3,22.4,,FG,TRdoig_L,L080,J055,94698,0,0,Issued,Non Serious,7,132,75,
24763,00/16-25-067-12W6/0,F,T,4106,,22862.9,681236.3,617,244.5,53.6,,,,,PG,Jnikanssn,,J055,24941,0,3767,Issued,Non Serious,11,133,73,
25258,00/10-03-070-12W6/0,F,F,2505,,22951.7,702459.8,392,244.5,64.7,2504.2,139.7,25.3,74,FG,Kfalher,L080,MN080,596765,0,6496,Issued,Serious,16,447,404,
24920,00/01-26-068-12W6/0,T,F,2970,,22987.5,688614.5,618,219.1,41.7,2969.5,139.7,25.3,93,PG,Kpaddy,P110,J055,37404,0,1129,Issued,Non Serious,10,159,118,
26756,00/09-11-078-13W6/0,F,T,2106,,23085.8,782442.3,377,244.5,53.6,1825.4,177.8,38.6,58,AZN,,K055,J055,,,,Suspension,Non Serious,8,270,,
25812,00/10-31-074-12W6/0,F,F,2529.8,Other,23087.5,750194.7,253.6,219.1,,1860.2,139.7,,67,AGZ,Kgething,,,25069,0,117,Abandoned,Non Serious,10,544,209,260
26894,00/10-23-079-13W6/0,T,F,2492,,23137.9,795826.6,435,219.1,35.7,2492,139.7,25.3,65,AZN,,OOJ055,OOJ055,,,,Suspension,Non Serious,11,293,,
25809,02/11-08-074-12W6/0,F,F,2134,Plate,23158.1,743379,316,219.1,,2134,139.7,,55,AZN,,,,,,,Abandoned,Non Serious,10,536,,206
25110,00/14-26-069-12W6/0,T,F,2640,,23164.2,699979.8,608,219.1,41.7,2640,139.7,25.3,80,PG,Kpaddy,N080,J055,10732,0,100,Issued,Non Serious,13,199,151,
24602,00/09-26-066-12W6/0,F,T,4445,,23169.5,668997,616,244.5,53.6,,,,,PG,Jnikanssn,,J055,41720,0,1469,Issued,Non Serious,10,134,91,
25257,00/06-03-070-12W6/0,F,T,3501,,23174.6,701645.9,617,244.5,53.6,,,,79,PG,Kcadomin,,J055,49568,0,958,Amended,Non Serious,16,149,104,
26998,00/10-27-080-13W6/0,F,F,1659,Plate,23218.1,807435.1,187.1,244.5,,1652,177.8,,53,AGZ,Kbluesky,,,77496,0,7177,Abandoned,Non Serious,6,651,262,192
26213,00/04-19-076-12W6/0,F,F,2560,,23278.4,765737.7,440,219.1,35.7,2559,114.3,20.1,87,CSD,,L080,J055,,,,Suspension,Non Serious,7,170,,
25380,00/16-03-071-12W6/0,F,F,2600,,23359.3,712618,392,244.5,,2600,139.7,,86,SG,Kfalher,,,610305,0,6454,Suspension,Serious,14,497,421,
26487,00/01-01-077-13W6/0,T,F,2479,,23387.7,770650.3,402,219.1,35.7,2479,114.3,17.3,72,Sus,,L080,J055,,,,Suspension,Non Serious,4,175,,
25109,00/06-26-069-12W6/0,F,F,2794,,23412.9,698998.3,248,339.7,,2794,139.7,,78,PG,Kcadomin,,,271940,0,3033,Issued,Non Serious,15,517,470,
26754,00/15-10-078-13W6/0,F,T,4625,,23422,781975.3,605,219.1,35.7,2447,114.3,22.5,,PG,TRmontney,L080,J055,61065,0,5,Issued,Non Serious,8,118,75,
26753,00/01-01-078-13W6/0,F,T,4283,,23424.5,781995.3,614,219.1,35.7,2509,114.3,22.5,,FG,TRmontney,L080,J055,96004,0,0,Amended,Non Serious,8,119,75,
25107,00/06-23-069-12W6/0,F,F,2575,,23453.9,697016.3,390,244.5,64.7,2575,139.7,25.3,83,PG,Kfalher,L080,L080,257934,0,4100,Issued,Non Serious,12,443,397,
24916,00/02-12-068-12W6/0,T,F,2440,,23470.2,683569.4,386,244.5,53.6,2439,139.7,25.3,72,FG,Kfalher,L080,K055,482472,0,6468,Amended,Non Serious,10,399,354,
24593,00/12-19-066-11W6/0,F,F,2696,,23541,668176.4,330.5,219.1,41.6,2696,139.7,25.3,74,PG,Kcadotte,N080,J055,74112,0,1131,Issued,Non Serious,10,279,237,
24594,02/12-19-066-11W6/0,F,F,995,Plate,23570.5,668083.8,147,219.1,35.7,995,114.3,15.6,31,AZN,,J055,J055,,,,Abandoned,Non Serious,10,229,,97
24911,00/07-01-068-12W6/0,F,F,3050,,23607.5,682272.3,455,244.5,,3047,139.7,,108,PG,Kfalher,,,225877,0,1639,Issued,Non Serious,11,505,452,
25267,00/10-27-070-12W6/0,F,F,3396.4,,23700.1,709159,335.3,244.5,,2014.7,139.7,,84,PG,Kcadotte,,,232379,0,2617,Issued,Non Serious,10,558,494,
26895,00/01-26-079-13W6/0,F,F,1912,,23790.1,796853.9,390,219.1,35.7,1912,139.7,23.1,61,PG,TRmontney,K055,J055,26095,8,765,Issued,Non Serious,10,198,154,
26488,02/12-01-077-13W6/0,F,T,4280,,23842.2,770008.3,614,219.1,35.7,4276.5,114.3,22.5,,PG,TRdoig_L,L080,J055,37143,0,1800,Issued,Non Serious,4,104,61,
24919,00/11-25-068-12W6/0,F,F,2875,,23861.5,689456.3,452,339.7,,,,,79,AZN,,,,,,,Suspension,Serious,11,524,,
25550,00/10-03-072-12W6/0,F,F,2039,,24162.6,721968.7,310,244.5,,2039,139.7,,65,SG,Kdoe_ck,,,19127,0,309,Suspension,Non Serious,12,509,376,
24344,00/11-08-065-11W6/0,T,F,3297,Plate,24239.3,655049.5,618,244.5,53.5,3297,139.7,25.3,100,AGZ,Kcadomin,P110,J055,139,0,0,Abandoned,Non Serious,1,217,0,84
24917,00/09-13-068-12W6/0,F,F,2370,Plate,24359.3,685863.8,317,219.1,35.7,2364,139.7,25.3,56,AZN,,N080,J055,,,,Abandoned,Non Serious,13,278,,107
25261,00/03-14-070-12W6/0,F,F,2440,,24362.5,705066.5,447,219.1,35.7,2440,139.7,25.3,73,PG,Kgething,N080,J055,26164,0,372,Issued,Non Serious,14,232,188,
24755,00/10-18-067-11W6/0,F,F,2538,,24431.5,676316.2,310,219.1,35.7,2538,139.7,25.3,65,PG,Knotikwn,L080,J055,202622,0,1746,Issued,Non Serious,6,277,235,
24592,00/08-19-066-11W6/0,F,F,3201,,24588.7,667522.8,609,219.1,41.7,3011,139.7,25.3,86,AZN,,P110,J055,,,,Suspension,Non Serious,9,203,,
26900,00/11-35-079-13W6/0,F,T,3377,,24630.7,798300.6,350,219.1,35.7,3377,139.7,25.3,,FG,TRmontney,N080,J055,33951,226,2802,Amended,Non Serious,10,175,122,
25105,00/11-13-069-12W6/0,F,F,2737.1,Plate,24716.3,695895.4,466.3,244.5,,2737.1,139.7,,72,AG,Kfalher,,,44,0,0,Abandoned,Non Serious,14,544,0,86
24759,00/10-30-067-11W6/0,F,F,3048,Cement And Plate,24992.2,679572.5,284,339.7,,3048,139.7,,79,D&A,,,,,,,Abandoned,Non Serious,11,514,,331
25557,00/10-22-072-12W6/0,F,F,2014,,25036.8,726962.1,217,219.1,,2011,139.7,,67,FG,Kfalher,,,164214,77,933,Issued,Serious,16,531,479,
21892,00/02-14-061-11W6/0,T,F,3063,,25056.1,616566.4,601,244.5,53.6,3063,139.7,25.3,72,AGZ,Kcadotte,P110,J055,105,0,1,Suspension,Non Serious,1,229,0,
22606,00/11-34-062-11W6/0,T,F,3416,,25103.8,632810.7,463,339.7,81.1,3323,177.8,43.2,90,AZN,,L080,K055,,,,Amended,Non Serious,1,253,,
25108,02/06-24-069-12W6/0,F,F,2250,Plate,25103.9,697082.9,286,219.1,35.7,2250,139.7,25.3,100,AZN,,N080,J055,,,,Abandoned,Serious,14,243,,146
25811,00/13-21-074-12W6/0,F,F,2755,,25127.6,746938.7,435,244.5,53.6,2755,139.7,25.3,73,SG,TRmontney,P110,J055,31022,0,90,Suspension,Non Serious,7,237,153,
26069,00/16-32-075-12W6/0,F,F,2435,Plate,25194.1,759913.7,403.8,219.1,35.7,2434.8,139.7,23.1,,AGZ,TRhalfway,L080,J055,274,0,695,Abandoned,Non Serious,7,217,11,59
25384,00/02-14-071-12W6/0,F,F,1560,,25226.4,714799.8,172,219.1,35.7,1558,114.3,15.6,44,PG,Kdunvegan,J055,J055,55399,0,406,Issued,Non Serious,11,283,238,
26481,00/02-30-077-12W6/0,F,F,2229.5,,25231.2,776700.4,409,219.1,35.7,2229.5,139.7,23.1,71,CSD,,K055,J055,,,,Suspension,Non Serious,8,205,,
24753,00/14-05-067-11W6/0,F,F,2582,,25293.3,673450.2,394.5,219.1,35.7,2568.4,139.7,25.3,67,SG,Kcadotte,L080,J055,63946,0,149,Suspension,Non Serious,11,336,233,
25256,00/11-01-070-12W6/0,F,F,2715,,25422.3,702149.4,230,339.7,,2715,139.7,,74,CSD,,,,,,,Issued,Non Serious,14,515,,
24595,02/04-29-066-11W6/0,F,F,844,,25478.8,668870,175,177.8,25.3,844,114.3,14.1,28,SG,Kbelly_rv,J055,H040,322,0,0,Suspension,Non Serious,10,217,86,
24910,00/11-31-068-11W6/0,T,F,2700,,25699.8,691217.8,406,219.1,41.7,2700,139.7,25.3,75,SG,Kcadotte,N080,J055,14073,0,5025,Suspension,Non Serious,13,227,75,
26878,02/07-18-079-12W6/0,F,T,4662,,25760.8,791182.6,521,219.1,35.7,4592.3,114.3,22.5,,FG,TRmontney,P110,J055,18080,0,0,Issued,Non Serious,5,48,4,
26742,00/03-07-078-12W6/0,F,F,2114,,25761.5,781771.6,362,219.1,35.7,2098,139.7,25.3,63,AGZ,TRbaldnnl,OOJ055,OOJ055,55996,0,7868,Suspension,Non Serious,12,295,71,
26879,03/08-18-079-12W6/0,F,T,4851,,25790.7,791178.8,520,219.1,35.7,4848,114.3,22.5,,FG,TRmontney,P110,J055,11722,0,0,Amended,Non Serious,5,47,5,
26869,00/11-06-079-12W6/2,F,F,2520.8,,25826,790641.4,290,219.1,,2520.8,139.7,,,CSD,,,,,,,Suspension,Non Serious,5,218,,
26997,00/07-12-080-13W6/0,F,F,2410,Plate,25902.2,801602.1,381.5,219.1,35.7,2410,139.7,25.3,64,AZN,,J055,J055,,,,Abandoned,Considered Non Serious,8,405,,68
25389,00/16-23-071-12W6/0,F,F,2100,Plate,25916.2,717488.2,265,219.1,35.7,1512,114.3,17.3,60,D&A,,J055,J055,,,,Abandoned,Non Serious,12,287,,144
27098,00/10-23-081-13W6/0,F,F,2555,,26077.4,815056.1,420,219.1,35.7,1308,139.7,20.8,54,SG,Kgething,K055,J055,19055,0,23,Suspension,Non Serious,4,260,121,
24760,02/14-32-067-11W6/0,F,F,3008,,26090.6,681147.9,615,177.8,29.8,3006,114.1,17.3,89,PG,Kgething,P110,J055,15954,0,607,Issued,Non Serious,12,144,98,
25555,00/02-14-072-12W6/0,F,F,1993,Cement And Plate,26121.1,724510.3,290,219.1,,1993,139.7,,62,AGZ,Kfalher,,,122864,0,583,RecCertified,Non Serious,19,479,111,343
27099,00/16-23-081-13W6/0,F,F,2540,,26155.1,815478.6,280,273,,2540,139.7,,66,SG,Mkiskatnw,,,194310,0,1329,Suspension,Non Serious,4,522,280,
24903,00/03-05-068-11W6/0,F,F,2444,,26172.7,681897.4,387,244.5,53.6,2444,139.7,25.3,71,SG,Kfalher,K055,K055,595966,0,4049,Suspension,Non Serious,11,446,390,
24909,00/02-30-068-11W6/0,T,F,2670,,26236.6,688671.1,361,219.1,41.7,2663,139.7,25.3,72,SG,Kcadomin,OON080,OOJ055,24178,0,22,Suspension,Non Serious,11,269,177,
24904,00/12-05-068-11W6/0,F,T,3127,,26257.3,681757.4,605,244.4,53.5,,,,76,PG,Kcadotte,,K055,30463,0,639,Issued,Non Serious,11,192,145,
25558,00/14-23-072-12W6/0,T,F,2711,Plate,26283,726848.6,325,219.1,35.7,2711,139.7,25.3,78,D&A,,J055,J055,,,,Abandoned,Serious,17,231,,115
24905,00/05-08-068-11W6/0,T,F,2692.5,,26341.2,684102.8,601,219.1,35.7,2690.6,139.7,25.3,81,SG,Kfalher,P110,J055,32620,0,552,Suspension,Non Serious,12,182,126,
26482,00/12-31-077-12W6/0,F,T,4035,,26410.2,777852,610,219.1,35.7,2503,114.3,22.5,,FG,TRmontney,L080,J055,110125,0,0,Issued,Non Serious,10,113,71,
25266,00/11-25-070-12W6/0,F,F,2057,,26531.7,708571.1,323,244.5,,2055,139.7,,57,PG,Kfalher,,,15641,0,161,Issued,Serious,8,513,199,
25100,00/05-30-069-11W6/0,F,F,2526,,26559.2,698322.6,348,177.8,29.8,2526,114.3,17.3,85,PG,Kcadomin,PS080,J055,27261,0,469,Issued,Considered Non Serious,22,223,178,
24589,00/05-09-066-11W6/0,F,F,2555,,26570.5,663991.1,420.9,219.1,41.6,2551,139.7,25.3,76,CSD,,OON080,OOJ055,,,,Suspension,Non Serious,6,278,,
25090,00/07-07-069-11W6/0,F,F,2565,,26592.3,693686.5,351,219.1,41.7,2565,139.7,25.3,72,PG,Kcadomin,N080,J055,10804,0,114,Issued,Serious,20,247,203,
25813,00/15-33-074-12W6/0,T,F,2768,,26661.3,749857.3,457,244.5,53.8,,,,,FG,TRhalfway,,J055,60721,0,124,Issued,Non Serious,6,203,147,
24591,00/12-16-066-11W6/0,T,F,2695,,26741.8,666100.3,322,219.1,35.7,2695,139.7,25.3,87,SG,Kcadotte,P110,J055,0,0,0,Suspension,Non Serious,10,230,3,
25383,00/07-13-071-12W6/0,F,F,2950,Plate,26772.9,714668.4,206,339.7,,2950,139.7,,85,AWD,Kcadotte,,,,,,Abandoned,Serious,8,520,,139
27641,02/07-09-086-13W6/0,T,F,2887,,26793.7,860081,408.7,219.1,35.7,2887,23.1,23.1,81,AZN,,N080,K055,,,,Amended,Non Serious,4,194,,
25391,00/06-36-071-12W6/0,F,F,3350,Cement And Plate,26822.5,719647.2,346,244.5,,3350,139.7,,86,D&A,,,,,,,Abandoned,Non Serious,12,535,,331
27101,00/12-25-081-13W6/0,T,F,1699,Plate,26829.2,816991.9,331,219.1,35.7,1699,139.7,20.8,55,AO,TRhalfway,J055,J055,67,100,67,Abandoned,Non Serious,4,244,5,108
25721,00/05-14-073-12W6/0,F,F,2634,Other,26865.4,734593.4,276,244.5,53.6,,,,72,AZN,,,J055,,,,Abandoned,Non Serious,12,413,,236
26741,00/08-05-078-12W6/0,F,T,3912,,26936.2,781468.6,610,219.1,35.7,2501,114.3,22.5,,FG,TRmontney,L080,J055,90413,0,0,Issued,Non Serious,13,116,71,
26743,00/12-07-078-12W6/0,F,T,4268,,26937.5,781478.6,617,219.1,35.7,2498,114.3,22.5,,FG,TRmontney,L080,J055,79459,0,0,Issued,Non Serious,13,115,71,
26744,00/13-07-078-12W6/0,F,T,4340,,26938.8,781488.5,618,219.1,35.7,2667.5,114.5,22.5,,PG,TRmontney,L080,J055,59235,0,0,Issued,Non Serious,13,115,71,
27640,00/14-04-086-13W6/0,F,F,1385,,26949.3,859627.7,290.8,219.1,35.7,1383.5,139.7,25.3,25,SO,TRhalfway,L080,J055,3905,7326,5410,Suspension,Non Serious,4,192,102,
27642,00/12-09-086-13W6/0,F,T,1920,,27005.3,861391.8,286.5,244.5,53.6,1421,139.7,25.3,,WI,TRhalfway,L080,J055,18466,9431,12914,Issued,Non Serious,4,163,46,
27581,00/02-33-085-13W6/0,F,F,1436,,27016.8,857002.2,189,219.1,,1435,114.3,,49,AOZ,TRbndrylk,,,10127,14633,23,Suspension,Non Serious,3,531,228,
26868,00/15-05-079-12W6/0,F,T,4409,,27040.2,788792,616,219.1,35.7,4398,114.3,22.5,,FG,TRmontney,T095,J055,63433,0,44,Amended,Non Serious,6,75,33,
25722,00/12-23-073-12W6/0,F,F,2595.3,Other,27078.9,736251.9,260.6,219.1,,2595.3,139.7,,73,AG,TRdoig,,,311223,0,1962,Abandoned,Serious,12,543,432,40
27516,00/08-22-084-13W6/0,F,F,1361,,27210.6,844236.8,441.9,244.5,53.6,1361,139.7,25.3,45,PO,TRbndrylk,K055,K055,6769,34350,234210,Issued,Non Serious,5,447,405,
26880,00/04-20-079-12W6/0,F,F,2137,,27538.1,794736.9,330,177.8,29.7,2137,114.3,20,62,CSD,,l080,j055,,,,Issued,Non Serious,11,175,,
24596,00/06-33-066-11W6/0,T,F,1105,,27592.5,670266.2,196,219.1,41.6,1105,114.3,15.6,34,PG,Kchinook,J055,K055,23786,0,143,Issued,Non Serious,13,279,238,
25549,00/15-01-072-12W6/0,F,F,1727,Plate,27726.8,721918,306,244.5,,1683,139.7,,1,D&A,,,,,,,Abandoned,Serious,14,481,,121
25560,00/06-25-072-12W6/0,F,F,2750,,27793.2,727647.9,368.4,244.5,,2750,139.7,,79,CSD,,,,,,,Suspension,Considered Non Serious,15,527,,
27517,00/13-26-084-13W6/0,F,T,2859,,27852.7,844796,365,244.5,53.5,,,,,PO,TRbndrylk,,J055,6692,8035,6109,Issued,Non Serious,4,61,20,
26480,00/04-27-077-12W6/0,F,T,4776,,27893,778064,614,219.1,35.7,2542,114.3,22.5,,PG,TRmontney,L080,J055,109002,0,864,Issued,Non Serious,15,134,91,
25553,00/10-12-072-12W6/0,F,F,1936,,27958.6,723434.5,310,244.5,,1890,139.7,,79,PG,Kpaddy,,,1344951,0,5867,Issued,Non Serious,17,511,466,
27100,02/07-25-081-13W6/0,F,T,1368,Other,27985.6,816163.6,221,244.5,48.1,,,,,AG,Kgething,,H040,5401,0,13,Abandoned,Non Serious,5,239,113,38
25369,00/07-06-071-11W6/0,F,F,2916,Cement And Plate,28053.8,711240.9,311,244.5,,2916,139.7,,86,D&A,,,,,,,Abandoned,Non Serious,9,520,,332
25554,00/10-13-072-12W6/0,F,F,2736,,28086.8,724972,273,244.5,,2736,139.7,,72,CSD,,,,,,,Suspension,Non Serious,17,533,,
24758,00/07-28-067-11W6/0,F,F,3042,,28101.2,678539.4,619,219.1,35.7,3041.3,114.3,17.3,,FG,Kbluesky,P110,J055,40429,0,5359,Issued,Non Serious,8,134,92,
25096,00/11-20-069-11W6/0,F,F,2525,,28105.4,697141.4,348,177.8,29.8,2525,114.3,17.3,85,PG,Kfalher,PS080,J055,58380,0,1257,Amended,Serious,18,222,177,
24756,00/09-21-067-11W6/0,F,F,945,,28157.9,677354,226,219.1,35.7,943.9,114.3,14.1,31,PG,Kbsbrv_ss,J055,J055,4831,0,705,Issued,Non Serious,9,289,91,
25541,00/12-07-072-11W6/0,T,F,3020,Plate,28283.8,723129.1,606,219.1,47.6,3020,114.3,22.5,,AGZ,TRmontney,L080,J055,0,0,5,Abandoned,Non Serious,17,129,0,65
25727,00/10-35-073-12W6/0,F,F,1460.6,Plate,28289.5,739436.1,202.5,219.1,,1439,139.7,,49,AG,Kpaddy,,,33315,0,273,Abandoned,Non Serious,8,487,218,198
25814,00/08-34-074-12W6/0,F,F,839,,28324.3,749176.7,106,219.1,35.7,832.4,139.7,20.8,28,SG,Kdoe_ck,K055,K055,12962,0,122,Suspension,Non Serious,6,462,131,
25559,00/10-24-072-12W6/0,F,F,2702,Plate,28328.7,726578.5,269,244.5,,2702,139.7,,81,AZN,,,,,,,Abandoned,Non Serious,16,514,,148
26740,00/04-04-078-12W6/0,T,F,1640,,28402.5,779859.3,229.6,219.1,35.7,1635.7,139.7,23.1,,SG,Kgething,ST080,J055,2567,0,68,Suspension,Non Serious,15,203,57,
24908,00/06-21-068-11W6/0,F,F,2335,,28420.2,686615.6,327,219.1,35.7,,,,66,SG,Kbelly_rv,,J055,2616,0,5,Abandoned,Non Serious,12,303,51,
26887,00/01-29-079-12W6/0,T,F,1888,,28464.9,796213.6,411,219.1,35.7,1888,139.7,25.3,56,CSD,,L080,J055,,,,Suspension,Non Serious,12,227,,
25095,00/07-17-069-11W6/0,F,F,2413.4,,28513,694850.8,254.8,244.5,,2413.4,139.7,,147,PG,Kfalher,,,132759,0,1850,Suspension,Non Serious,13,544,442,
26483,00/15-33-077-12W6/0,T,F,1701,,28545.4,779212.6,205,319.1,25.7,169,139.7,25.3,,AZN,,J055,J055,,,,Suspension,Non Serious,16,208,,
24907,00/02-16-068-11W6/0,F,F,2915,,28729.2,684858.7,618,219.1,41.7,2915,139.7,25.3,84,FG,Kgething,P110,J055,58482,0,3500,Issued,Non Serious,10,159,116,
25718,00/10-01-073-12W6/0,F,F,2629.7,,28938.8,731465.5,333,244.5,,2629.6,139.7,,67,PG,TRdoig,,,450952,0,3535,Issued,Non Serious,11,532,454,
25545,00/06-18-072-11W6/0,F,F,2834.6,,28997.5,724283.5,275.5,219.1,,2834.6,139.7,,86,PG,Kpaddy,,,253760,0,1881,Issued,Non Serious,16,537,479,
25720,00/07-12-073-12W6/0,F,F,2651,,29035.2,732343.8,272,244.5,53.6,,,,69,SG,Kgething,,J055,524,0,3,Issued,Non Serious,12,413,2,
25101,00/07-32-069-11W6/0,F,F,2180,,29087.6,699662,230,219.1,,2180,114.3,,57,CSD,,,,,,,Issued,Non Serious,16,535,,
27643,00/13-15-086-13W6/0,F,T,2144,,29176.5,862617,285.3,244.5,53.6,2144,114.3,17.3,,PO,TRhalfway,L080,J055,10557,9681,3432,Issued,Non Serious,3,139,93,
25539,00/10-06-072-11W6/0,F,F,1950,,29402.3,721640.2,303,244.5,,1949,139.7,,60,PG,Kpaddy,,,359290,1,1673,Issued,Non Serious,14,510,465,
27096,00/16-19-081-12W6/0,T,F,1525,,29455.7,815343.5,355,219.1,35.7,1525,139.7,23.1,47,CSD,,J055,J055,,,,Abandoned,Non Serious,6,264,,
25540,00/10-07-072-11W6/0,F,F,2034.2,,29523.9,723140.2,229,219.1,,2034,139.7,,62,PG,Kdoe_ck,,,752092,0,3392,Issued,Non Serious,17,532,476,
25723,00/15-24-073-12W6/0,F,F,1478,Plate,29577.7,736430.9,205,219.1,,1450.8,139.7,,40,AG,Kpaddy,,,619,0,2,Abandoned,Non Serious,12,481,114,211
26746,00/15-16-078-12W6/0,F,F,1874,,29607.7,783991.4,203,219.1,,1874,139.7,,57,PO,TRbndrylk,,,17844,108176,10329,Issued,Serious,10,479,437,
25728,00/10-36-073-12W6/0,F,F,1455,Plate,29673.4,739259.3,209,219.1,,1430,139.7,,44,AG,Kpaddy,,,5385,0,41,Abandoned,Non Serious,8,482,208,207
26874,02/03-16-079-12W6/0,F,T,5326,,29678.8,796065.5,455,244.5,53.6,5321,114.3,22.5,,FO,TRmontney,L080,J055,5298,5176,0,Issued,Non Serious,11,61,15,
26876,03/07-16-079-12W6/0,F,T,4895,,29681.4,796080.9,463,244.5,53.6,4890,114.3,22.5,,FO,TRmontney,L080,J055,8517,7936,0,Issued,Non Serious,11,61,15,
26877,00/08-16-079-12W6/0,F,T,5373,,29683.2,796095.3,451,244.5,53.6,5368,114.3,22.5,,FO,TRmontney,L080,J055,17179,12195,0,Issued,Non Serious,11,61,15,
26875,00/04-16-079-12W6/0,F,T,5510,,29685.9,796110.8,455,244.5,53.6,5506,114.3,22.5,,FO,TRmontney,L080,J055,18645,12690,0,Amended,Non Serious,11,62,15,
25370,00/10-08-071-11W6/0,F,F,2508.5,,29686.1,713360.3,251.5,244.5,,2507,139.7,,57,PG,Kfalher,,,34969,0,375,Issued,Non Serious,13,553,265,
25371,00/15-08-071-11W6/0,F,F,585,Plate,29694.3,713425.6,132,177.8,25.3,585,114.3,14.1,40,D&A,,J055,H040,,,,Abandoned,Non Serious,13,416,,164
25707,00/13-06-073-11W6/0,F,F,2606,,29745.5,731659,330,219.1,35.7,2606,139.7,25.3,72,FG,TRdoig,J055,J055,120295,0,2322,Issued,Non Serious,13,251,203,
26888,00/06-33-079-12W6/0,F,F,797.1,Other,29866,797927.9,146.3,273,,796.1,139.7,,8,AWD,Kpeace_rv,,,5380,0,265,Abandoned,Serious,10,829,50,253
25094,00/10-16-069-11W6/0,F,F,2268,,29912.2,695049.6,251,244.5,,2215.8,177.8,,57,AGZ,Kfalher,,,389520,0,1545,Suspension,Non Serious,13,515,189,
25091,00/10-09-069-11W6/0,F,F,2255,,29939.1,693690,85,339.7,,2255,177.8,,61,AGZ,Kfalher,,,69752,0,368,Suspension,Non Serious,14,536,175,
27515,00/16-01-084-13W6/0,F,F,2090,,30002.6,839571.4,310,244.5,53.6,1403,139.7,20.8,57,AZN,,OOJ055,OOH040,,,,Suspension,Non Serious,4,271,,
25376,00/02-17-071-11W6/0,F,F,1945,Plate,30060.1,714139.8,260,219.1,35.7,1355,114.3,17.3,58,AZN,,J055,SOO055,,,,Abandoned,Non Serious,13,306,,174
26751,00/10-33-078-12W6/0,T,F,2257,,30067.9,788268.3,614,219.1,47.6,,,,,AK,,,J055,,,,Amended,Non Serious,6,101,,
25251,00/02-17-070-11W6/0,T,F,2148,,30068,704144.7,256,177.8,29.8,2148,114.3,17.3,62,PG,Kfalher,J055,J055,30286,0,615,Issued,Serious,10,200,155,
26747,02/13-26-078-12W6/0,F,T,5095,,30075.2,788260.6,616,219.1,47.6,5088,114.3,22.5,,FO,TRmontney,T095,J055,81642,15828,1020,Issued,Non Serious,6,100,54,
26750,03/09-27-078-12W6/0,F,T,4818,,30081.8,788253,621,219.1,47.6,2284,114.3,22.5,,FO,TRmontney,T095,J055,74184,12219,1165,Issued,Non Serious,6,99,54,
26748,03/13-26-078-12W6/0,F,T,4890,,30088.4,788245.4,616,219.1,47.6,2068,114.3,22.5,,FO,TRmontney,T095,J055,76877,10386,483,Issued,Non Serious,6,99,54,
26749,00/14-26-078-12W6/0,F,T,4936,,30095.2,788238.9,618,219.1,47.6,,,,,FO,TRmontney,,J055,52819,15451,457,Issued,Non Serious,6,98,54,
26867,00/16-04-079-12W6/0,F,T,4559,,30122.4,788218.5,607,219.1,47.6,4558,114.3,22.5,,FG,TRmontney,P110,L080,93992,0,0,Amended,Non Serious,6,71,30,
26866,00/15-04-079-12W6/0,F,T,4908,,30128.1,788213.3,615,219.1,35.7,2323,114.3,22.5,,FG,TRmontney,T095,J055,45575,0,0,Amended,Non Serious,6,71,29,
25099,00/02-28-069-11W6/0,F,F,2162,,30219.7,697465,358,219.1,35.7,2162,139.7,25.3,56,PG,Kfalher,N080,J055,111218,0,360,Issued,Non Serious,15,256,211,
25537,00/11-05-072-11W6/0,F,F,1940,,30224,721437.1,306,244.5,,1938,139.7,,62,AGZ,Kpaddy,,,102866,0,185,Issued,Non Serious,15,509,55,
24597,00/04-35-066-11W6/0,T,F,3226,,30224.2,669313.9,615,244.5,53.6,3226,139.7,25.3,92,PG,Kcadotte,p110,j055,39909,0,1509,Issued,Non Serious,13,181,135,
25538,02/11-05-072-11W6/0,F,F,1682,,30249,721390.1,201,244.5,64.7,1663,139.7,25.3,55,PG,Kpaddy,K055,N080,159601,0,1217,Issued,Non Serious,15,449,408,
26475,00/02-13-077-12W6/0,F,T,5595,,30266.9,774174.2,612,219.1,35.7,5590,114.3,22.5,,FG,TRmontney,P110,J055,86759,0,0,Issued,Non Serious,12,66,23,
25708,00/06-07-073-11W6/0,F,F,2560,Plate,30279.1,732512.9,315.5,219.1,,2559.5,139.7,,69,AG,TRdoig,,,26130,0,304,Abandoned,Non Serious,10,494,144,202
25377,00/01-20-071-11W6/0,F,F,2348,,30326.7,715774.7,300,244.5,,2345,139.7,,91,PTG,Kfalher,,,202,0,25,Issued,Non Serious,13,485,0,
25102,00/11-33-069-11W6/0,T,F,2260,,30369.1,699722.2,289,177.8,29.8,2238,114.3,17.3,67,PG,Kcadotte,N080,J055,132590,0,661,Issued,Serious,16,195,153,
26992,02/10-04-080-12W6/0,F,F,2843.8,,30407.7,800076,294.1,219.1,,2443.6,139.7,,85,AGZ,Mkiskatnw,,,51384,0,676,Suspension,Non Serious,11,557,194,
25248,00/11-09-070-11W6/0,F,F,2078,,30449.1,703150.7,301,219.1,35.7,2078,114.3,17.3,53,CSD,,L080,J055,,,,Amended,Non Serious,10,402,,
25247,00/03-04-070-11W6/0,F,F,2127,,30491.7,700745.9,278,219.1,35.7,2118,139.7,25.3,58,PG,Kcadotte,N080,J055,55148,0,947,Issued,Non Serious,15,257,157,
26068,00/06-25-075-12W6/0,F,F,2653,Cement And Plate,30505.1,756767.6,392,219.1,35.7,2648,139.7,25.3,72,D&A,,IK055,J055,,,,RecCertified,Non Serious,1,333,,283
25089,00/04-03-069-11W6/0,T,F,2565,,30556.8,691172.4,387,219.1,35.7,2565,139.7,25.2,,CSD,,P110,J055,,,,Suspension,Serious,9,229,,
26473,00/11-02-077-12W6/0,F,F,2109.5,Other,30622.2,770502,221,219.1,,1776.1,114.3,,61,AZN,,,,,,,Abandoned,Serious,6,576,,256
25714,00/05-31-073-11W6/0,F,F,2521,Plate,30673.4,739011.9,391,244.5,53.6,2521,139.7,23.1,68,AG,TRdoig,OPS080,OOJ055,21496,0,434,Abandoned,Serious,9,288,197,60
25712,00/03-19-073-11W6/0,F,F,2784,,30705.6,735301.8,411,219.1,35.7,2782,139.7,25.3,78,PG,TRdoig,IK070,J055,100909,0,467,Issued,Non Serious,12,312,262,
27278,00/07-31-082-12W6/0,F,F,1312.2,Plate,30722.5,827152.6,187.5,219.1,,1312.2,114.3,,47,D&A,,,,,,,RecCertified,Non Serious,2,593,,119
27500,00/06-06-084-12W6/0,F,F,1333,,30726.4,838858.7,452,244.5,53.6,1332.5,139.7,23.1,42,PO,TRbndrylk,K055,K055,8921,80260,278679,Issued,Non Serious,3,427,386,
24590,00/10-14-066-11W6/0,T,F,3297,,30871.7,665486.2,623,244.5,59.5,3297,139.7,25.3,92,PG,Kcadomin,P110,J055,15051,0,975,Issued,Non Serious,6,169,118,
26889,00/04-34-079-12W6/0,F,F,3232,Other,30880.1,797292.1,405,244.5,53.6,3094,177.8,38.7,78,D&A,,L080,K055,,,,Abandoned,Non Serious,12,337,,298
25546,00/06-20-072-11W6/0,F,F,1855,Plate,30889.1,725694.5,186,219.1,,1855,139.7,,57,AGZ,Kfalher,,,191548,0,750,Abandoned,Non Serious,17,519,330,126
26477,00/01-23-077-12W6/0,F,T,4089,,30951.5,775914.6,617.5,219.1,35.7,4088.5,114.3,22.5,,FG,TRdoig_L,L080,J055,47346,0,4194,Amended,Non Serious,18,103,60,
26479,00/04-24-077-12W6/0,F,T,4374,,30954.1,775934.6,605.5,219.1,35.7,2469,114.3,22.5,,FG,TRmontney,L080,J055,78982,0,9602,Issued,Non Serious,18,102,60,
27276,00/03-17-082-12W6/0,F,F,1586,Plate,31138.4,822167.3,317,219.1,35.7,1585,139.7,20.8,51,AZN,,OOJ055,OOJ055,,,,RecCertified,Non Serious,2,288,,232
25097,00/04-23-069-11W6/0,F,T,3090,,31214.9,696138.5,618,244.5,53.6,,,,100,FO,Kdunvegan,,J055,53733,2167,20,Amended,Non Serious,15,131,87,
26739,00/05-02-078-12W6/0,T,F,2100,,31222.1,779778.6,354,219.1,35.7,2091,139.7,23.1,55,SG,TRhalfway,K055,J055,38392,0,565,Suspension,Non Serious,18,343,103,
27501,00/02-07-084-12W6/0,F,F,1360,Plate,31226.4,839927,198,219.1,,1356.5,114.3,,42,AO,TRbndrylk,,,9084,54716,104333,Abandoned,Serious,5,467,241,193
25093,00/03-15-069-11W6/0,F,F,2004,,31308.3,694346.6,238,219.1,41.7,2004,114.3,17.3,63,PG,Kcadotte,J055,J055,21769,0,1410,Issued,Non Serious,13,270,228,
25092,00/14-10-069-11W6/0,T,F,2355,Plate,31309,694336.3,398,244.5,53.6,2352.4,177.8,34.2,58,AZN,,MN080,K055,,,,Abandoned,Serious,13,422,,128
26478,00/06-23-077-12W6/0,F,F,1995,,31471,774802.5,310,219.1,35.7,1995,139.7,23.1,67,SG,TRhalfway,J055,J055,10429,0,263,Suspension,Non Serious,15,257,97,
24754,00/04-12-067-11W6/0,T,F,2575,,31495.9,672721.5,611,219,35.7,2574.9,139.7,26.3,79,PG,Kcadotte,P110,J055,95941,2,993,Amended,Non Serious,8,216,169,
26886,02/10-27-079-12W6/2,F,T,3440,Cement And Plate,31554,796370.2,489,244.5,,3021,139.7,,,D&A,,,,,,,Abandoned,Non Serious,14,321,,288
25808,00/12-31-074-11W6/0,F,F,2681,Plate,31684.1,748933.6,410,219.1,35.7,1841.1,139.7,23.1,68,AG,Kbluesky,J055,J055,33136,0,192,Abandoned,Serious,3,336,218,100
27094,00/10-09-081-12W6/0,F,F,2585,Plate,31952.5,811323.8,409,219.1,35.7,2580,139.7,25.3,69,D&A,,SOO055,J055,,,,Abandoned,Non Serious,3,319,,317
27580,00/16-25-085-13W6/0,F,F,1395,Plate,31965.5,855608.6,267,219.1,35.7,1395,139.7,23.1,38,AZN,,J055,J055,,,,Abandoned,Non Serious,3,459,,193
25542,00/06-09-072-11W6/0,F,F,1913,,32107.5,722198.1,219,219.1,,1913,139.7,,57,PG,Kpaddy,,,200876,71,1142,Issued,Non Serious,14,529,449,
26474,00/01-13-077-12W6/0,F,T,4000,,32115,774167.9,385,219.1,35.7,2411,114.3,22.5,,PG,TRdoig_L,L080,J055,110522,0,11689,Issued,Non Serious,15,172,130,
26745,02/08-14-078-12W6/0,F,T,4029,,32129.7,783983.8,611,219.1,35.7,2380,114.3,22.5,,PO,TRmontney,L080,J055,26544,7287,0,Issued,Non Serious,12,112,70,
25379,00/10-28-071-11W6/0,F,F,2420.1,Cement And Plate,32149.6,717931.4,246.9,219.1,,2420.1,139.7,,61,D&A,,,,,,,RecCertified,Non Serious,15,547,,349
26485,00/10-35-077-12W6/0,F,F,2033,,32179.6,778232.4,385,219.1,35.7,2033,139.7,23.1,52,SG,TRhalfway,J055,J055,4989,0,2,Suspension,Non Serious,22,325,129,
20915,00/07-34-059-10W6/0,T,F,2975,Plate,32232.7,602459.8,642,244.5,59.5,2975,177.8,38.7,85,AZN,,L080,L080,,,,RecCertified,Non Serious,2,217,,157
25246,00/11-03-070-11W6/0,F,F,4455.6,Plate,32235.3,701543.7,347.2,339.7,,4025.8,177.8,,100,AZN,,,,,,,Abandoned,Serious,15,632,,91
24748,00/05-06-067-10W6/0,F,T,4200,,32288.1,672886.4,617,244.5,53.6,,,,,PG,Jnikanssn,,J055,23505,0,2439,Issued,Non Serious,8,134,91,
25250,00/11-15-070-11W6/0,F,F,3119.9,,32389.2,704785.1,337.4,244.5,,3119.9,139.7,,77,SG,Kfalher,,,1089526,0,5260,Suspension,Non Serious,14,565,420,
24752,02/13-01-067-11W6/0,F,T,4410,,32418.2,671124.2,621,244.5,53.6,,,,,SG,Kcadomin,,J055,38506,0,2890,Suspension,Non Serious,9,132,65,
26486,00/16-35-077-12W6/0,F,F,1565,,32433.5,778620.1,264.6,219.1,35.7,1565,139.7,23.1,54,SG,Kgething,J055,J055,50876,0,0,Suspension,Non Serious,21,240,188,
24343,00/05-30-065-10W6/0,T,F,2775,,32486.5,658395.9,399,219.1,41.7,2775,139.7,25.3,78,SG,Kcadotte,L080,J055,6109,0,20,Suspension,Non Serious,3,270,138,
25373,00/13-10-071-11W6/0,F,F,1310,,32514.1,713390.7,156,219.1,35.7,1310,114.3,14.1,,SG,Kdunvegan,J055,J055,16631,0,95,Suspension,Considered Non Serious,13,329,177,
25245,00/02-03-070-11W6/0,F,F,2140,,32521.1,700452.7,296,177.8,29.8,2140,114.3,17.3,62,PG,Kcadotte,J055,J055,16912,0,354,Issued,Serious,15,199,93,
25368,00/11-03-071-11W6/0,F,F,3378,Plate,32567.5,711094.8,174,339.7,,2802,139.7,,96,D&A,,,,,,,Abandoned,Serious,13,523,,159
22605,00/05-21-062-10W6/0,T,F,3420,,32634.8,626797.2,609,244.5,59.5,3420,139.7,25.3,87,SG,Kcadotte,P110,L080,1919,0,102,Suspension,Non Serious,1,207,84,
26460,00/03-30-077-11W6/0,F,T,5060,,32648.9,777502.8,620,219.1,35.7,2388,114.3,22.5,,PG,TRmontney,L080,J055,51385,0,2128,Amended,Non Serious,23,110,67,
26484,00/15-34-077-12W6/0,F,T,4645,,32649.5,777512.9,610,219.1,35.7,2386,114.3,22.5,,FG,TRmontney,L080,J055,72026,0,3213,Issued,Non Serious,23,110,67,
24757,00/08-25-067-11W6/0,T,F,3140,,32729,677657.3,617,219.1,41.7,3140,139.7,25.3,89,PG,Kcadotte,P110,J055,27514,0,1111,Issued,Non Serious,6,156,111,
27097,00/09-21-081-12W6/0,F,F,1686,Plate,32776,814272.4,381,219.1,35.7,1686,139.7,23.1,54,AZN,,L080,J055,,,,Abandoned,Serious,6,227,,197
26476,00/06-13-077-12W6/0,T,F,2430,,32820.5,773379.2,434,219.1,35.7,2099,139.7,23.1,76,PG,TRhalfway,K055,J055,25849,0,731,Issued,Non Serious,13,206,153,
26738,00/04-01-078-12W6/0,T,F,1637,,32922.4,779087.3,213,177.8,25.3,1635,114.3,14.1,60,AZN,,J055,H040,,,,Suspension,Considered Non Serious,22,163,,
21290,00/06-27-060-10W6/2,T,F,3115,,32987.1,609343.9,622,244.5,53.6,3115,139.7,25.3,,FG,Kcadotte,P110,J055,9372,0,62,Amended,Non Serious,3,193,149,
25375,03/10-15-071-11W6/0,F,F,2765,,33145.2,714559.4,415.2,244.5,53.6,2765,139.7,25.3,17,CSD,,L080,K055,,,,Suspension,Non Serious,11,215,,
25372,00/10-10-071-11W6/0,F,F,1400,,33227.4,712629.1,275,244.5,64.7,1400,114.3,17.3,40,PG,Kdunvegan,K055,L080,17267,0,436,Issued,Serious,13,443,285,
25806,00/10-05-074-11W6/0,F,F,1447,,33367.7,740437.9,196,219.1,,1444,139.7,,42,AGZ,Kdoe_ck,,,559,0,0,Issued,Serious,9,532,6,
25254,00/10-27-070-11W6/0,F,F,2490,,33461.3,708035.3,371,244.5,,2490,139.7,,67,FG,Kfalher,,,543151,0,4990,Issued,Serious,10,512,442,
24749,00/06-07-067-10W6/0,F,F,3410,,33475.6,673188.8,464.5,244.5,,3410,139.7,,88,AGZ,Kfalher,,,562,0,0,Issued,Serious,8,532,0,
26881,00/16-23-079-12W6/0,F,F,2429,Cement And Plate,33502.2,794932.2,384,244.5,53.6,2429,139.7,25.3,73,D&A,,K055,J055,,,,Abandoned,Serious,12,391,,375
27514,00/14-32-084-12W6/0,F,F,1975,Plate,33575.9,847224.8,329,219.1,35.7,1975,139.7,23.1,53,AGZ,Mkiskatnw,OOJ055,OOJ055,4019,0,1511,Abandoned,Non Serious,6,285,64,102
25367,00/13-02-071-11W6/0,F,F,1307,,33616.8,711665.9,157,219.1,35.7,1302,114.3,14.1,,PG,Kdunvegan,J055,H040,33776,0,243,Issued,Non Serious,13,330,275,
24588,00/05-30-066-10W6/0,F,F,3150,,33638.4,668000,465,244.5,,3150,177.8,,81,SG,Kcadomin,,,6613,0,9,Suspension,Non Serious,5,510,184,
21291,00/06-35-060-10W6/2,T,F,3528,Cement And Plate,33684.4,609425.7,607,244.5,53.6,,,,85,D&A,,,J055,,,,Abandoned,Non Serious,3,216,,110
27513,00/08-29-084-12W6/0,F,F,1937,,33752,844899.5,333,219.1,35.7,1937,139.7,23.1,53,PG,Mkiskatnw,K055,J055,449851,0,2428,Issued,Non Serious,8,402,358,
24906,00/16-12-068-11W6/0,T,F,2325,,33819,683450.2,361,219.1,35.7,2321,139.7,25.3,63,PG,Knotikwn,P110,J055,16542,0,118,Issued,Serious,4,205,158,
25536,02/06-03-072-11W6/0,T,F,2725,,33881.3,720538.9,370,244.5,53.6,2725,139.7,25.3,76,AGZ,TRhalfway,P110,J055,806,0,0,Suspension,Serious,10,210,11,
25544,00/06-15-072-11W6/0,F,F,2039.7,,33930.5,723585.2,455.1,219.1,,2030.6,139.7,,65,PG,Kdoe_ck,,,60178,0,937,Issued,Considered Non Serious,11,544,307,
26995,00/13-22-080-12W6/0,F,T,4340,,33930.8,803318.7,616.5,177.8,29.8,4333,114.3,22.5,,FG,TRmontney,,,70880,0,5770,Amended,Non Serious,5,75,32,
26994,00/02-13-080-12W6/0,F,T,4360,,33940.7,803317.5,508,177.8,29.8,4360,114.3,22.5,,FG,TRmontney,,,80406,0,10095,Amended,Non Serious,5,74,32,
26871,00/06-12-079-12W6/0,F,F,2454,,34036.1,790976,390,219.1,35.7,2453,139.7,25.3,68,CSD,,L080,J055,,,,Suspension,Non Serious,11,360,,
25548,02/13-27-072-11W6/0,F,F,2286,,34188.9,727647.7,451,219.1,35.7,2286,114.3,17.3,63,FG,Kdunvegan,I080,J055,14468,0,309,Amended,Non Serious,14,188,134,
24341,00/06-20-065-10W6/0,F,F,2976,,34311.8,656651.5,432,244.5,59.5,2973.5,139.7,25.3,91,SG,Kfalher,N080,MN080,129417,0,1712,Suspension,Non Serious,3,363,200,
26440,00/14-19-077-11W6/0,F,F,1825,,34469.3,775077.8,186,219.1,,1824,114.3,,55,PO,TRbndrylk,,,7582,12730,3273,Issued,Non Serious,25,493,452,
24899,00/13-07-068-10W6/0,F,F,2316,,34502.7,683364.1,448,177.8,34.2,2316,114.3,17.2,72,PTG,Kfalher,P110,J055,26,0,0,Amended,Non Serious,3,217,0,
25252,00/07-23-070-11W6/0,F,F,2837,Plate,34539.8,705782.9,357,244.5,,2500,139.7,,76,AG,Kfalher,,,95,0,2,Abandoned,Non Serious,13,515,0,79
25713,02/16-21-073-11W6/0,F,F,1016,Other,34559.8,735774.1,202,219.1,35.7,1016,139.7,23.1,37,AG,Kdoe_ck,K055,K055,11777,0,62,Abandoned,Considered Non Serious,15,425,74,42
26883,00/06-25-079-12W6/0,F,F,1805,,34562.3,795575.3,443.5,219.1,35.7,1805,139.7,23.1,58,FO,TRhalfway,J055,J055,11777,6095,350,Suspension,Non Serious,14,248,195,
26885,00/11-25-079-12W6/0,F,F,2400,,34607.7,796121.3,257,244.5,,2400,139.7,,66,CSD,,,,,,,Suspension,Non Serious,14,497,,
25098,00/05-25-069-11W6/0,F,F,1470,Plate,34621.2,697609.8,183,219.1,35.7,1470,114.3,15.6,34,D&A,,J055,J055,,,,RecCertified,Non Serious,13,328,,128
26713,00/14-06-078-11W6/0,T,F,2580,,34654.8,780137.8,601,244.5,53.6,2578,177.8,38.7,,CSD,,K055,J055,,,,Suspension,Non Serious,26,179,,
26882,00/15-24-079-12W6/0,F,F,2385,,34679.8,794702.3,252,244.5,,2385,139.7,,66,AGZ,Mkiskatnw,,,75375,0,333,Suspension,Considered Non Serious,13,495,138,
26209,00/11-17-076-11W6/0,F,F,2437,Plate,34743.1,763484.5,403,219.1,35.7,2434,139.7,25.3,67,D&A,,L080,J055,,,,RecCertified,Non Serious,3,291,,289
21289,00/11-13-060-10W6/0,T,F,3115,Plate,34855.4,605735.1,621,244.5,59.5,3115,139.7,25.3,75,AZN,,P110,K055,,,,RecCertified,Non Serious,5,204,,144
26752,00/05-35-078-12W6/0,F,T,5290,,34877.7,785582.7,602,244.5,53.6,,,,,PO,TRmontney,,K055,39484,13132,0,Amended,Non Serious,14,117,72,
26727,00/03-20-078-11W6/0,F,T,5714,,34882.8,785622.6,604,244.5,53.6,,,,,PO,TRmontney,,J055,34286,27608,0,Amended,Non Serious,14,119,72,
26890,00/11-36-079-12W6/0,F,F,2480,,34922.3,797613.8,260,244.5,,2480,177.8,,66,AOZ,Mkiskatnw,,,0,3,223,Issued,Non Serious,12,494,2,
26461,00/14-30-077-11W6/0,F,F,1865,,34983.8,776844.6,327,219.1,,1864.6,114.3,,55,PO,TRbndrylk,,,7239,14590,1643,Suspension,Non Serious,29,482,441,
27512,00/10-28-084-12W6/0,F,F,1973,Plate,35008.6,845330.4,289,219.1,35.7,1973,139.7,23.1,54,AGZ,Mkiskatnw,K055,J055,7079,0,112,Abandoned,Non Serious,8,354,154,152
26993,02/06-12-080-12W6/0,F,F,1735,Plate,35024.1,800405.8,314,219.1,35.7,1733.2,139.7,25.3,54,AGZ,TRhalfway,J055,J055,6813,0,97,Abandoned,Non Serious,13,312,27,164
27511,00/02-28-084-12W6/0,F,F,1758,Plate,35127.8,844421.8,370,219.1,35.7,1758,139.7,25.3,52,D&A,,L080,J055,,,,RecCertified,Non Serious,9,170,,152
26884,02/08-25-079-12W6/0,F,F,2390,,35185.3,795600.8,261,244.5,53.6,2390,139.7,25.3,70,AGZ,Mkiskatnw,L080,J055,163381,0,866,Suspension,Non Serious,14,386,72,
26873,00/06-13-079-12W6/0,F,T,4100,,35229.2,790704,617,219.1,35.7,4095,114.3,22.5,,FO,TRmontney,L080,J055,121461,9736,0,Issued,Non Serious,14,74,33,
26872,02/04-13-079-12W6/0,F,T,4070,,35232.9,790683.2,610.5,219.1,35.7,4069,114.3,22.5,,FG,TRmontney,L080,J055,89315,0,0,Issued,Non Serious,14,75,32,
25378,00/01-23-071-11W6/0,F,F,1309,,35273.5,715108.3,145,219.1,35.7,1309,114.3,17.3,36,PG,Kdunvegan,J055,J055,62844,0,411,Issued,Non Serious,10,315,266,
25374,00/13-12-071-11W6/0,F,F,1300,,35371.1,712707,158,219.1,35.7,1296.8,114.3,14.1,39,PG,Kdunvegan,J055,J055,41254,0,421,Issued,Non Serious,13,330,286,
25543,00/13-14-072-11W6/0,F,F,1822,,35419.7,724261.2,342,244.5,53.6,,,,52,PG,Kdoe_ck,,J055,23685,0,514,Issued,Serious,10,301,258,
24587,00/14-20-066-10W6/0,F,F,2915,,35456.9,666916.5,605,244.5,53.6,2915,139.7,25.3,83,CSD,,L080,K055,,,,Issued,Non Serious,5,264,,
27504,00/04-15-084-12W6/0,F,F,1315,,35541.4,840964.5,182,219.1,35.7,1313.5,139.7,20.8,49,PO,TRbndrylk,J055,J055,2149,12952,5867,Suspension,Non Serious,7,446,405,
26712,00/07-06-078-11W6/0,T,F,1619.1,Cement And Plate,35585.7,779129.5,156.4,273,,1036.3,177.8,,46,AG,Kpaddy,,,23343,0,2547,Abandoned,Serious,31,792,26,277
27505,00/05-15-084-12W6/0,F,F,1317,,35590.1,841313,182.5,219.1,35.7,1317,139.7,20.8,42,SO,TRbndrylk,J055,J055,18803,31315,16883,Suspension,Non Serious,7,446,386,
27576,00/10-09-085-12W6/0,F,F,1478,Plate,35597.5,849913,325,219.1,41.7,1478,139.7,23.1,46,D&A,,J055,J055,,,,Abandoned,Non Serious,6,239,,175
27510,00/13-15-084-12W6/0,F,F,1325,,35679.2,841998.7,182,219.1,35.7,1325,139.7,20.8,39,SWI,TRbndrylk,J055,J055,636,1019,603,Suspension,Non Serious,7,446,11,
26870,00/04-12-079-12W6/0,F,T,5141,,35728.4,788677,616,244.5,53.6,,,,,FO,TRmontney,,J055,67047,25881,0,Amended,Non Serious,14,132,86,
25244,00/10-01-070-11W6/0,F,F,2880,,35753,700865.5,455,244.5,,2878.5,139.7,,76,PG,Kcadotte,,,173941,0,1356,Issued,Non Serious,11,527,442,
26732,02/14-29-078-11W6/0,F,T,5060,,35759.8,788669.7,619,244.5,53.6,,,,,FO,TRmontney,,J055,71334,47450,1522,Amended,Non Serious,14,129,86,
27506,00/06-15-084-12W6/0,F,F,1309.1,Plate,35864.9,841179.6,190.5,219.1,,1309.1,114.3,,41,AWI,TRbndrylk,,,1209,8635,29,Abandoned,Non Serious,7,559,58,191
26462,00/09-31-077-11W6/0,T,F,1980,,35901.3,778035.9,289,219.1,35.7,1978,139.7,25.3,,AZN,,L080,J055,,,,Abandoned,Non Serious,32,206,,
27509,00/11-15-084-12W6/0,F,F,1307.3,,35968.3,841904,182.9,219.1,,1305.5,114.3,,58,PO,TRbndrylk,,,13163,44434,326,Suspension,Non Serious,7,549,501,
25711,00/16-15-073-11W6/0,T,F,2575,,35995,734383.2,314,244.5,48.1,2569.4,88.9,,67,SG,TRdoig,L080,H040,102049,0,962,Suspension,Considered Non Serious,14,427,353,
26442,02/11-20-077-11W6/0,F,F,1570,,36027.2,774743.9,280,219.1,35.7,1570,139.7,20.8,49,SG,Kbluesky,J055,55,104727,0,518,Suspension,Non Serious,30,288,201,
25249,00/07-12-070-11W6/0,F,F,2065,,36033.4,702136.3,387,244.5,,2065,139.7,,60,PG,Kcadotte,,,81406,0,1602,Issued,Serious,11,512,465,
26441,00/11-20-077-11W6/0,F,F,1786.1,,36034.1,774793.7,188.4,219.1,,1786.1,114.3,,46,PO,TRbndrylk,,,16110,56592,730,Issued,Considered Non Serious,30,626,571,
25805,00/06-03-074-11W6/0,F,F,1423.4,,36062.5,739718.8,188.4,219.1,,1421.9,114.3,,46,PG,Kdoe_ck,,,77361,0,274,Issued,Serious,8,584,443,
27502,00/15-10-084-12W6/0,F,F,1315,,36069.2,840523.7,180,219.1,,1314.4,114.3,,38,SO,TRbndrylk,,,6573,26848,59131,Suspension,Non Serious,7,496,413,
27507,02/06-15-084-12W6/0,F,F,1318,,36089.5,841468.3,185,219.1,35.7,1315,139.7,20.8,40,SO,TRbndrylk,J055,J055,10008,32753,6253,Issued,Non Serious,7,437,382,
25705,00/04-02-073-11W6/2,F,F,3159,Plate,36154.8,729766.9,324,244.5,,3159,139.7,,,AO,Jrock_ck,,,706,1003,27,Abandoned,Serious,12,424,306,116
26457,00/06-29-077-11W6/0,F,F,1862.3,Plate,36265.3,775720.3,196.6,219.1,,1854.7,114.3,,56,AO,TRbndrylk,,,8065,38487,4940,Abandoned,Serious,32,620,376,202
26458,02/13-29-077-11W6/0,F,T,3488.7,,36329.2,774905.1,328,244.5,48.1,3448,114.3,22.5,,FG,TRdoig_L,L080,H040,36051,0,2558,Suspension,Non Serious,30,158,95,
25709,02/04-11-073-11W6/0,F,F,1904,,36342.9,731360.9,315,219.1,35.7,1904,139.7,25.3,,SG,Kbluesky,L080,J055,1284,0,0,Issued,Non Serious,13,212,4,
24342,00/01-21-065-10W6/0,F,F,2885,,36368.6,656101.7,344,219,41.7,2885,139.7,25.3,76,PG,Kcadotte,N080,J055,25658,0,518,Issued,Non Serious,4,251,202,
25255,00/11-36-070-11W6/0,F,F,3038,,36368.8,709011,310,244.5,,3036,139.7,,90,SG,Kcadotte,,,64796,0,543,Suspension,Serious,12,532,365,
27503,00/02-15-084-12W6/0,F,F,1312,,36422.6,840795.8,181,219.1,35.7,1309.3,139.7,20.8,42,PO,TRbndrylk,J055,J055,4632,17356,252,Issued,Considered Non Serious,7,437,396,
27508,00/07-15-084-12W6/0,F,F,1299.7,,36435.3,841215.4,190.2,219.1,,1299.4,114.3,,39,SWI,TRbndrylk,,,670,373,318,Suspension,Non Serious,7,552,19,
26459,02/14-29-077-11W6/0,F,F,1813.7,,36457.2,776572,298,219.1,35.7,1813.5,139.7,29.3,25,CSD,,L080,J055,,,,Suspension,Non Serious,33,126,,
26857,00/12-05-079-11W6/0,F,F,2179,,36611.1,789345.5,417,219.1,41.7,2179,73,9.7,63,SG,TRmontney,J055,J055,12385,0,249,Suspension,Serious,15,259,76,
25253,00/10-25-070-11W6/0,F,F,2290,Plate,36731.1,707613.8,302,244.5,53.5,2289.4,139.7,25.3,68,AG,Kfalher,MN080,K055,9053,0,104,Abandoned,Non Serious,11,486,345,99
27095,00/06-13-081-12W6/0,T,F,1775,,36794.8,812332.5,338,219.1,35.7,1774.5,139.7,25.3,53,AOZ,TRchly_lk,J055,J055,2492,9025,3738,Abandoned,Non Serious,5,282,191,
26860,00/15-07-079-11W6/0,F,T,3822,,36891.4,789932.7,334,244.5,53.6,1670,114.3,22.5,,FG,TRmontney,L080,J055,174212,0,9859,Amended,Non Serious,12,179,136,
26861,00/03-08-079-11W6/0,F,F,2100,,36915.7,789939.7,331,177.8,29.8,2100,73,9.7,65,FG,TRmontney,J055,H040,10774,0,519,Issued,Non Serious,12,217,169,
26463,00/07-32-077-11W6/0,F,F,2377.4,,36935.2,777374.2,183.2,339.7,,1969.6,177.8,,69,AWD,Kcadomin,,,20590,0,284,Suspension,Considered Non Serious,34,804,24,
26711,02/08-04-078-11W6/0,F,T,4331,,37020.3,778812.4,,,,2543,139,34.2,,FO,TRmontney,L080,,0,94,0,Issued,Non Serious,32,47,0,
24901,00/14-32-068-10W6/0,F,F,1565,Plate,37061.9,689654.4,184,219.1,35.7,1562,114.3,17.3,41,D&A,,J055,J055,,,,Abandoned,Non Serious,2,315,,137
25706,00/08-02-073-11W6/0,F,F,2175,,37065.3,729745.2,301,219.1,35.7,2175,139.7,23.1,58,AZN,,J055,J055,,,,Issued,Serious,11,357,,
26439,00/04-16-077-11W6/0,F,F,1848.6,Other,37137.2,772074.6,190.8,219.1,,1847.1,114.3,,59,AO,TRbndrylk,,,277,1503,4,Abandoned,Non Serious,16,599,143,259
21891,00/02-12-061-10W6/2,T,F,4412,Plate,37164.6,613787.4,608,399.7,90.8,4411,177.8,47.6,119,AGZ,Mdebolt,L080,K055,65136,0,877,Abandoned,Non Serious,6,235,25,111
27088,00/04-07-081-11W6/0,T,F,1744,Other,37276.6,809695.9,331,219.1,41.6,1744,114.3,17.3,50,AO,TRdoig,L080,L080,3739,8331,2263,Abandoned,Non Serious,5,251,149,45
26464,03/13-32-077-11W6/0,F,T,4285,,37338.8,776869.7,617,177.8,34.2,4280,114.3,22.5,,FG,TRdoig_L,L080,J055,60788,0,5851,Issued,Non Serious,34,103,61,
25716,02/06-35-073-11W6/0,F,F,920,,37480.5,738168.3,180,177.8,25.3,919.9,114.3,14.1,31,SG,Kdoe_ck,J055,H040,38777,0,152,Suspension,Serious,8,411,296,
25715,00/06-35-073-11W6/0,F,F,2098,,37590.3,738154.6,327,219.1,35.7,2098,139.7,25.3,61,PG,Jnikanssn,N080,J055,247269,0,1222,Issued,Non Serious,8,425,381,
25238,00/10-18-070-10W6/0,F,F,3049,,37604.5,703909.1,310,244.5,,3047,139.7,,69,PTG,TRhalfway,,,850,0,100,Issued,Serious,15,533,0,
25242,00/05-31-070-10W6/0,T,F,2780,Other,37662.8,708573.9,565,219.1,35.7,2778,139.7,25.3,80,AZN,,L080,J055,,,,Abandoned,Serious,14,222,,41
26856,00/09-05-079-11W6/0,F,F,2153,,37679,789259,329,177.8,29.7,2153,73,9.6,73,FG,TRmontney,J055,H040,19227,0,767,Issued,Non Serious,15,218,176,
26858,00/13-05-079-11W6/0,F,T,3984,,37707.5,788284.9,613,219.1,35.7,3984,114.3,22.5,,FG,TRmontney,L080,J055,123865,0,12250,Issued,Non Serious,15,141,98,
26854,00/01-05-079-11W6/0,F,F,2172,,37744,788297.2,321,177.8,29.8,2172,73,9.5,,FG,TRmontney,J055,J055,21749,0,574,Suspension,Non Serious,15,219,173,
27579,00/11-27-085-12W6/0,T,F,1864,,37762.3,854564.6,383,219.1,35.7,1864,139.7,29.7,60,SG,Mkiskatnw,L080,J055,65231,0,482,Suspension,Non Serious,5,182,50,
26455,00/12-28-077-11W6/0,F,F,1555,,37797.4,776128.7,306,219,35.7,1555,139.7,23.1,51,AZN,,K055,K055,,,,Suspension,Non Serious,32,223,,
26865,00/04-32-079-11W6/0,T,F,2503,,37830.6,796931.7,478.5,219.1,35.7,2502,139.7,25.3,66,SG,Mkiskatnw,J055,J055,4935,0,848,Suspension,Serious,7,173,8,
26454,00/11-28-077-11W6/0,F,F,1561.2,,38005.6,776020.4,189.9,273,,1561.2,139.7,,45,SG,Kgething,,,259054,0,38109,Abandoned,Considered Non Serious,32,769,281,
25702,00/06-01-073-11W6/0,F,F,2360,Other,38021.5,729868.8,392,244.5,53.6,2360,139.7,25.3,67,AO,TRchly_lk,L080,J055,1064,7868,62,RecCertified,Serious,12,412,78,326
26728,00/16-20-078-11W6/0,F,F,1985,,38088.6,784450.8,331,219.1,35.7,1985,139.7,23.1,60,FG,TRhalfway,SOO055,J055,22896,0,706,Issued,Serious,16,343,249,
26210,00/05-27-076-11W6/0,F,F,2465,,38121.7,765881.5,,,,2465,139.7,25.3,70,SG,TRmontney,K055,,13605,0,745,Suspension,Non Serious,4,254,90,
25547,00/02-25-072-11W6/0,F,F,2250,,38160.1,726229.1,322,219.1,35.7,2245,139.7,23.1,62,AOZ,Jnikanssn,IK070,J055,846,1144,21,Suspension,Non Serious,15,313,26,
26438,00/01-16-077-11W6/0,F,F,2298,,38171,772058.6,411,219.1,41.6,2298,139.7,23.1,75,PG,TRmontney,OOK055,,60857,0,860,Issued,Non Serious,18,293,251,
27975,00/03-14-094-13W6/0,T,F,2784,Plate,38171,939122.6,470,244.5,53.6,2698,177.8,38.6,105,D&A,,L080,J055,,,,Abandoned,Non Serious,1,252,,156
26465,00/06-33-077-11W6/0,F,F,998.2,Other,38181.4,777420.1,137.2,219.1,,998.2,114.3,,48,AGZ,Kcadotte,,,174796,0,5539,Abandoned,Serious,35,737,300,252
27089,00/11-07-081-11W6/0,F,F,1635,Plate,38182.1,810302.6,346,219.1,35.7,1635,139.7,23.1,49,D&A,,J055,J055,,,,RecCertified,Non Serious,5,236,,211
25703,02/06-01-073-11W6/0,F,F,2170,,38187,729888.8,356,219.1,35.7,2168.2,139.7,25.3,61,PG,Jnikanssn,N080,J055,130402,0,1946,Issued,Non Serious,12,402,358,
25807,00/04-26-074-11W6/0,F,F,2636,,38196,745862,375,219.1,35.7,2635,139.7,25.3,69,PG,TRmontney,SOO055,J055,237111,0,1085,Amended,Serious,1,304,259,
27639,00/14-03-086-12W6/0,F,F,1308,,38217.8,858422.1,259.6,219.1,35.7,1307.2,139.7,20.8,43,SO,TRhalfway,J055,J055,9891,36066,37934,Abandoned,Serious,3,362,277,
26852,00/05-04-079-11W6/0,F,F,2001,,38265.4,788601.8,220,219.1,,2001,139.7,,61,FO,TRhalfway,,,23611,18451,832,Issued,Serious,15,508,464,
26724,00/12-17-078-11W6/0,F,T,4155,,38327.8,781384.5,608,219.1,35.7,2446,114.3,22.5,,LO,TRmontney,L080,J055,19758,19131,0,Issued,Non Serious,26,109,67,
26725,00/13-17-078-11W6/0,F,T,4125,,38337.8,781383.3,,,,2434,139.7,29.8,,LO,TRmontney,L080,,15498,18539,2784,Issued,Non Serious,26,108,67,
26726,00/02-20-078-11W6/0,F,T,4348,,38346.6,781422.7,611,219.1,35.7,4345.5,114.3,22.5,,FO,TRmontney,L080,J055,15934,11555,1844,Issued,Non Serious,26,73,30,
26443,00/08-21-077-11W6/0,F,F,1800,,38388.8,773926.9,197,219.1,35.7,1800,114.3,17.3,48,AOZ,TRbndrylk,J055,J055,177,840,4,Suspension,Considered Non Serious,28,445,83,
27275,00/08-13-082-12W6/0,F,F,2292,,38476.4,821611.9,358,219.1,35.7,2291,139.7,23.1,58,SG,Mkiskatnw,J055,J055,27243,0,3842,Suspension,Non Serious,4,347,20,
26456,00/13-28-077-11W6/0,F,T,3057.5,,38524.3,775362,655,244.5,53.6,,,,25,FG,TRdoig_L,,J055,68602,0,2036,Issued,Non Serious,30,156,112,
25229,00/06-05-070-10W6/0,F,F,2081.8,,38650,700277.3,213.4,219.1,,2069.6,139.7,,54,PG,Kcadotte,,,123707,0,10055,Issued,Non Serious,12,542,496,
27277,00/01-24-082-12W6/0,F,F,1402,,38745.2,822620.3,252,219.1,35.7,1402,139.7,20.8,50,PO,TRbndrylk,J055,J055,6300,57054,77587,Issued,Non Serious,4,350,306,
25704,00/16-01-073-11W6/0,F,F,2430,,38775.3,730300,383,244.5,53.6,2429,139.7,25.3,58,SG,TRhalfway,L080,J055,58252,0,1114,Suspension,Serious,12,407,257,
26466,00/16-33-077-11W6/0,F,F,3530,,38830.9,777749.4,403,244.5,,1923,139.7,,93,AOZ,TRbndrylk,,,1884,8999,200,Abandoned,Non Serious,33,500,194,
21288,00/11-29-060-09W6/2,T,F,3134.5,,38854.3,608990.6,621,244.5,59.5,,,,91,SG,Kcadotte,,J055,64259,0,3465,Suspension,Serious,5,220,149,
25710,00/16-12-073-11W6/0,F,F,2195,,38975.4,731966.7,319.5,219.1,35.7,2181,139.7,25.3,65,AGZ,Kpaddy,K055,K055,163419,0,864,Suspension,Serious,12,461,206,
26855,03/01-05-079-11W6/0,F,T,4416,,38989.4,786345.8,604,244.5,53.6,,,,,FG,TRmontney,,J055,106546,0,3862,Issued,Non Serious,19,134,92,
26859,00/09-06-079-11W6/0,F,T,6140,,39009.3,786347.8,610.3,244.5,53.6,,,,,FO,TRmontney,,J055,73835,18687,438,Amended,Non Serious,19,133,92,
27268,00/12-18-082-11W6/0,F,F,1400,,39019.7,821797.2,245,219.1,35.7,1400,139.7,20.8,47,SO,TRbndrylk,J055,J055,3345,25492,11984,Suspension,Non Serious,4,335,164,
25083,02/03-09-069-10W6/0,F,F,2090,,39074,691425,366,219.1,35.7,1621,139.7,25.3,58,PG,Kdunvegan,OOL080,OOJ055,31680,0,861,Issued,Serious,4,278,225,
26211,00/16-27-076-11W6/0,F,F,2465,,39098.2,766314.3,390,219.1,,2464,139.7,,72,SO,TRbndrylk,,,8604,20393,1055,Suspension,Non Serious,4,468,304,
26853,00/10-04-079-11W6/0,F,F,2197,,39131,789057.9,417,219.1,41.7,2197,73,9.7,68,FG,TRmontney,J055,J055,26158,0,751,Suspension,Non Serious,16,260,200,
27271,00/06-19-082-11W6/0,T,F,1565,,39136.9,822712.3,309.5,244.5,,1564,139.7,,49,SWI,TRbndrylk,,,1837,6505,197,Suspension,Considered Non Serious,4,492,51,
26864,00/04-28-079-11W6/0,F,F,1800,Other,39162.2,794888.9,209,219.1,,,,,74,D&A,,,,,,,RecCertified,Non Serious,9,514,,514
27578,00/06-26-085-12W6/0,F,F,1796,,39212.1,854173.8,322,219.1,35.7,1796,139.7,25.3,,AZN,,L080,J055,,,,Suspension,Non Serious,5,208,,
27270,00/02-19-082-11W6/2,T,F,1588,,39215.4,822454.6,315,244.5,,1587.5,139.7,,,PO,TRbndrylk,,,11425,53662,70475,Issued,Non Serious,4,471,428,
25525,00/16-06-072-10W6/0,F,F,2249,,39247.2,720508.1,424,219.1,35.7,2247,139.7,25.3,64,FG,Kdunvegan,J055,J055,34457,0,1624,Issued,Non Serious,9,278,235,
26723,00/07-16-078-11W6/0,F,F,1997,,39299.1,781863.6,200.7,219.1,,1992.8,139.7,,61,AGZ,TRdoig,,,6370,56,9,Suspension,Non Serious,25,517,188,
27269,00/14-18-082-11W6/0,T,F,1520,,39302.9,821877.1,293,244.5,,1520,139.7,,43,WI,TRbndrylk,,,1807,9891,17,Issued,Non Serious,4,496,164,
26444,02/06-22-077-11W6/0,F,F,2213,,39322.4,773647.8,417.7,219.1,35.7,2212,139.7,25.3,71,FG,TRdoig,K055,K055,13504,0,507,Issued,Non Serious,28,206,157,
25717,00/15-36-073-11W6/0,F,F,940,Other,39328.5,738449,191,177.8,25.3,940,114.3,14.1,42,AG,Kdoe_ck,J055,H040,27328,0,1422,Abandoned,Non Serious,7,401,113,260
27272,00/11-19-082-11W6/0,T,F,1441,,39405.6,823306.4,247,219.1,35.7,1441,139.7,20.8,48,SO,TRbndrylk,J055,J055,1034,1068,7572,Suspension,Non Serious,4,335,222,
24340,00/04-13-065-10W6/0,T,F,1521,,39420.2,653546.9,199,219.1,35.7,1518,114.3,17.3,,FG,Kchinook,L080,J055,12768,0,177,Issued,Non Serious,4,133,93,
26469,00/12-34-077-11W6/0,T,F,1987,,39529.3,777309.5,308,219.1,35.7,1987,139.7,29.8,,SG,TRhalfway,L080,J055,50339,0,674,Issued,Considered Non Serious,36,203,131,
26467,00/05-34-077-11W6/0,F,F,1561,,39533.9,777204.2,309,219,35.7,1561,139.7,23.1,62,CSD,,K055,K055,,,,Suspension,Non Serious,36,223,,
25699,00/11-06-073-10W6/0,F,F,1495,,39602.3,730076.4,283,219.1,35.7,1492.7,139.7,23.1,43,AGZ,Kpaddy,K055,J055,88280,0,604,Suspension,Serious,12,399,318,
26722,00/01-15-078-11W6/0,F,T,5343,,39615.8,783835.5,615,244.5,53.6,,,,,FO,TRmontney,,J055,61752,49765,830,Amended,Non Serious,20,118,73,
26721,03/02-14-078-11W6/0,F,T,5793,,39617.8,783851,614,244.5,53.6,,,,,FO,TRmontney,,J055,115989,21198,0,Amended,Non Serious,20,120,72,
25365,00/04-32-071-10W6/0,T,F,2606,,39618.2,717750.7,434,219.1,35.7,2606,139.7,25.3,73,CSD,,L080,J055,,,,Suspension,Serious,7,201,,
26731,02/12-29-078-11W6/0,F,T,5392,,39619.9,783867.6,612,244.5,53.6,,,,,FO,TRmontney,,J055,49942,44247,0,Issued,Non Serious,20,121,72,
26733,03/14-29-078-11W6/0,F,T,5095,,39620.8,783875.4,609,244.5,53.6,,,,,FO,TRmontney,,J055,89958,47025,0,Issued,Non Serious,20,122,72,
26734,04/14-29-078-11W6/0,F,T,5226,,39621.8,783883.1,615,244.5,53.6,,,,,FO,TRmontney,,J055,113046,42106,0,Issued,Non Serious,20,123,72,
26453,02/14-27-077-11W6/0,F,F,650,Other,39622,776040.5,92.7,177.8,25.3,647.7,114.3,17.3,35,AGZ,Kdunvegan,L080,J055,1190,0,8,Abandoned,Non Serious,31,205,43,54
27794,00/06-15-088-12W6/0,F,F,1425,Plate,39736.5,880106.8,286,219.1,35.7,1425,139.7,20.8,54,AGZ,TRbaldnnl,J055,J055,66796,0,10526,Abandoned,Non Serious,1,457,209,137
25241,00/07-29-070-10W6/0,F,F,1954.1,Other,39785.9,706527.9,470.3,219.1,,1950.4,139.7,,54,D&A,,,,,,,RecCertified,Non Serious,15,546,,242
21887,00/16-05-061-09W6/0,T,F,2910,,39882.6,612907.8,617,244.5,59.5,2910,139.7,25.3,80,CSD,,P110,J055,,,,Suspension,Non Serious,6,233,,
26452,02/10-27-077-11W6/0,F,F,1560,,40048.4,775816.1,190.3,219.1,,1560,114.3,,52,AGZ,Kcadotte,,,39560,0,1807,Suspension,Non Serious,31,523,135,
27577,00/04-13-085-12W6/0,F,F,1822,,40081.3,850362.5,329,244.5,53.6,1203,139.7,23.1,51,AGZ,Kbluesky,K055,J055,17218,0,7796,Suspension,Non Serious,4,435,43,
25700,00/14-18-073-10W6/0,F,F,2105,,40111.7,733452.5,351.5,219.1,,2104,139.7,,65,SG,Jnikanssn,,,56289,0,269,Issued,Non Serious,10,471,273,
25230,00/12-09-070-10W6/0,F,F,2735,,40112.3,701959.5,441,244.5,53.6,2735,177.8,38.7,70,SG,TRhalfway,L080,K055,145298,0,1262,Suspension,Considered Non Serious,16,287,110,
21889,00/09-17-061-09W6/0,T,F,3431,,40114.5,615441.8,1589.1,273,67.7,3428,177.8,43.2,101,AZN,,L080,N080,,,,Amended,Non Serious,6,258,,
25526,00/12-08-072-10W6/0,F,F,2135,,40123,721719.2,350,219.1,35.7,2133.8,139.7,23.1,65,SG,Kbluesky,J055,J055,51959,0,318,Issued,Non Serious,9,289,97,
25531,00/05-17-072-10W6/0,F,F,2215,,40181.9,722774.1,292,219.1,35.7,2215,139.7,23.1,59,FG,Kfalher,PS080,J055,42788,109,3994,Issued,Serious,10,320,268,
26451,00/08-27-077-11W6/0,F,F,2238,,40228.9,775399.5,416,244.5,53.6,1300,139.7,25.3,72,AZN,,L080,J055,,,,Suspension,Non Serious,31,247,,
26468,00/07-34-077-11W6/0,F,F,1582,,40229.5,776857.1,189,219.1,,1578,139.7,,51,AGZ,Kgething,,,85092,0,112,Suspension,Considered Non Serious,36,519,169,
26714,00/01-11-078-11W6/0,F,T,4725,,40314,781351.3,616,219.1,35.7,4724,114.3,22.5,,FO,TRmontney,L080,J055,73554,16842,0,Amended,Non Serious,28,73,30,
26863,00/05-16-079-11W6/0,F,T,5516,,40319.5,788801.5,621,244.5,53.6,,,,,PG,TRmontney,,J055,27232,332,0,Amended,Non Serious,17,121,76,
26710,03/16-02-078-11W6/0,F,T,5357,,40321.9,781333.4,611,219.1,47.6,3011.5,139.7,34.2,,FO,TRmontney,L080,L080,54139,38533,0,Amended,Non Serious,28,72,30,
26715,02/01-11-078-11W6/0,F,T,4818,,40326.4,781323.9,612,219.1,35.7,4810.8,114.3,22.5,,FO,TRmontney,P110,J055,61594,17290,0,Issued,Non Serious,28,72,30,
26445,02/09-22-077-11W6/0,F,F,1537,,40342,774275.5,292,219.1,35.7,1536,139.7,25.3,53,SG,Kbluesky,J055,J055,67127,0,312,Suspension,Non Serious,29,325,208,
25086,02/10-33-069-10W6/0,F,F,2766,,40461.3,698881.6,768,244.5,,,,,83,PG,Kcadotte,,,262482,0,1318,Issued,Non Serious,13,524,452,
25085,00/10-33-069-10W6/0,F,F,2184,Other,40521.8,698874.2,276.3,244.5,,,,,60,D&A,,,,,,,RecExempt,Non Serious,12,534,,531
24751,00/14-26-067-10W6/0,F,F,2850,,40546.9,677750,368,219.1,35.7,2850,139.7,25.3,84,SG,Jnikanssn,L080,J055,1462,0,1118,Issued,Non Serious,3,266,70,
26064,00/10-13-075-11W6/0,F,F,777.2,Other,40579.9,752831.9,91.4,177.8,,774.8,114.3,,27,D&A,,,,,,,RecCertified,Non Serious,3,549,,240
26735,02/05-34-078-11W6/0,T,F,1448,,40606.6,786771.8,310,219.1,41.7,1448,139.7,20.8,47,PG,Kgething,K055,J055,35228,0,426,Amended,Non Serious,16,232,191,
27438,00/15-08-083-11W6/0,T,F,2270,Other,40671.5,830440.7,354.5,244.5,53.6,2261.4,139.7,23.1,66,D&A,,J055,J055,,,,Abandoned,Non Serious,2,291,,253
26446,00/12-23-077-11W6/0,F,F,1465,Plate,40744.2,773856.1,370,219.1,35.7,720,139.7,20.8,48,D&A,,J055,J055,,,,Abandoned,Serious,31,302,,124
